original_address,lat,lon,formatted,suburb,name,street,district,postcode,city,county,state,state_code,country,country_code,confidence_street_level,confidence,confidence_city_level,attribution,attribution_license,attribution_url
"'Parbhani,Maharashtra,india' ",19.262469,76.7718,"Parbhani - 431400, MH, India",,Parbhani,,,431400,Parbhani,Parbhani,Maharashtra,MH,India,in,,0.3969,0.3969,© OpenStreetMap contributors,Open Database License,https://www.openstreetmap.org/copyright
"'Alappuzha,Kerala,india'",9.4980001,76.333482,"Alappuzha - 688001, KL, India",,Alappuzha,,,688001,Alappuzha,Ambalappuzha,Kerala,KL,India,in,,0.3969,0.3969,© OpenStreetMap contributors,Open Database License,https://www.openstreetmap.org/copyright
" 'Bhubaneswar,Odisha,india' ",20.2602964,85.8394521,"Bhubaneshwar - 751001, OR, India",,Bhubaneshwar,,,751001,Bhubaneshwar,Bhubaneswar (M.Corp.),Odisha,OR,India,in,,0.29767499999999997,0.29767499999999997,© OpenStreetMap contributors,Open Database License,https://www.openstreetmap.org/copyright
"'Tiruchirappalli,Tamil Nadu,india'",10.804973,78.6870296,"Tiruchirappalli, TN, India",,,,,,Tiruchirappalli,Tiruchirappalli District,Tamil Nadu,TN,India,in,,0.78125,1,© OpenStreetMap contributors,Open Database License,https://www.openstreetmap.org/copyright
" 'Jalgaon,Maharashtra,india'",20.9968453,75.5683795,"Jalgaon - 425001, MH, India",,Jalgaon,,,425001,Jalgaon,Jalgaon,Maharashtra,MH,India,in,,0.3969,0.3969,© OpenStreetMap contributors,Open Database License,https://www.openstreetmap.org/copyright
"'Tiruppur,Tamil Nadu,india'",11.1017815,77.345192,"Tiruppur - 638600, TN, India",,Tiruppur,,,638600,Tiruppur,Tiruppur South,Tamil Nadu,TN,India,in,,0.25004699999999996,0.25004699999999996,© OpenStreetMap contributors,Open Database License,https://www.openstreetmap.org/copyright
" 'Jamnagar,Gujarat,india' ",22.4732415,70.0552102,"Jamnagar, GJ, India",,Jamnagar,,,,Jamnagar,Jamnagar City Taluka,Gujarat,GJ,India,in,,0.3969,0.3969,© OpenStreetMap contributors,Open Database License,https://www.openstreetmap.org/copyright
"'Kota,Rajasthan,india'",26.5166633,77.3375702,"Kota (Kota) - 328026, RJ, India",,Kota,,,328026,Kota,Sarmathura Tehsil,Rajasthan,RJ,India,in,,0.25,0.25,© OpenStreetMap contributors,Open Database License,https://www.openstreetmap.org/copyright
" 'Karimnagar,Telangana,india'",18.4348122,79.1328042,"Karimnagar - 505001, TG, India",,Karimnagar,,,505001,Karimnagar,Karimnagar mandal,Telangana,TG,India,in,,0.3969,0.3969,© OpenStreetMap contributors,Open Database License,https://www.openstreetmap.org/copyright
"'Hajipur,Bihar,india'",25.6905702,85.2090351,"Hajipur - 844101, BR, India",,Hajipur,,,844101,Hajipur,Hajipur,Bihar,BR,India,in,,0.3969,0.3969,© OpenStreetMap contributors,Open Database License,https://www.openstreetmap.org/copyright
" 'Adoni,Andhra Pradesh,india'",15.625085,77.277588,"Adoni, AP, India",,,,,,Adoni,Kurnool,Andhra Pradesh,AP,India,in,,0.7307692307692308,1,Who's On First,CC0,https://www.whosonfirst.org/docs/licenses/
"'Erode,Tamil Nadu,india'",11.3306483,77.7276519,"Erode - 638001, TN, India",,Erode,,,638001,Erode,Erode,Tamil Nadu,TN,India,in,,0.7272727272727273,1,© OpenStreetMap contributors,Open Database License,https://www.openstreetmap.org/copyright
" 'Kollam,Kerala,india' ",8.8879509,76.5955013,"Kollam - 691001, KL, India",,Kollam,,,691001,Kollam,Kollam,Kerala,KL,India,in,,0.3969,0.3969,© OpenStreetMap contributors,Open Database License,https://www.openstreetmap.org/copyright
"'Madurai,Tamil Nadu,india'",9.9261153,78.1140983,"Madurai, TN, India",,,,,,Madurai,Madurai South,Tamil Nadu,TN,India,in,,0.5,1,© OpenStreetMap contributors,Open Database License,https://www.openstreetmap.org/copyright
" 'Anantapuram,Andhra Pradesh,india' ",13.942237,77.347114,"R. Anantapuram, AP, India",,,,,,R. Anantapuram,Anantapur,Andhra Pradesh,AP,India,in,,0.25004699999999996,0.25004699999999996,Who's On First,CC0,https://www.whosonfirst.org/docs/licenses/
"'Kamarhati,West Bengal,india'",22.6810246,88.3715343,"Kamarhati - 700058, WB, India",,Kamarhati,,,700058,Kamarhati,Barrackpore,West Bengal,WB,India,in,,0,,© OpenStreetMap contributors,Open Database License,https://www.openstreetmap.org/copyright
" 'Bhusawal,Maharashtra,india'",21.04572,75.7808079,"Bhusawal - 425200, MH, India",,Bhusawal,,,425200,Bhusawal,Bhusawal,Maharashtra,MH,India,in,,0.3969,0.3969,© OpenStreetMap contributors,Open Database License,https://www.openstreetmap.org/copyright
"'Sirsa,Haryana,india'",29.5372849,75.0377649,"Sirsa - 125055, HR, India",,Sirsa,,,125055,Sirsa,Sirsa,Haryana,HR,India,in,,0.3969,0.3969,© OpenStreetMap contributors,Open Database License,https://www.openstreetmap.org/copyright
" 'Amaravati,Andhra Pradesh,india' ",16.573502,80.357652,"Amaravathi, AP, India",,,,,,Amaravathi,Guntur,Andhra Pradesh,AP,India,in,,0.7666666666666666,1,Who's On First,CC0,https://www.whosonfirst.org/docs/licenses/
"'Secunderabad,Telangana,india'",17.4337246,78.5006827,"Secunderabad - 500003, TG, India",,Secunderabad,,,500003,Secunderabad,Marredpally mandal,Telangana,TG,India,in,,0.3969,0.3969,© OpenStreetMap contributors,Open Database License,https://www.openstreetmap.org/copyright
" 'Ahmedabad,Gujarat,india' ",23.0216238,72.5797068,"Ahmedabad - 380001, GJ, India",,Ahmedabad,,,380001,Ahmedabad,Ahmedabad District,Gujarat,GJ,India,in,,0.3969,0.3969,© OpenStreetMap contributors,Open Database License,https://www.openstreetmap.org/copyright
"'Ajmer,Rajasthan,india'",26.4691,74.639,"Ajmer, RJ, India",,Ajmer,,,,Ajmer,Ajmer Tehsil,Rajasthan,RJ,India,in,,0.3969,0.3969,© OpenStreetMap contributors,Open Database License,https://www.openstreetmap.org/copyright
" 'Ongole,Andhra Pradesh,india'",15.5112399,80.0369092,"Ongole Children's Hospital, Anjaiah Road, Ongole - 523001, India",,Ongole Children's Hospital,Anjaiah Road,,523001,Ongole,Ongole,,,India,in,0.42857142857142855,0.0993533215755438,1,© OpenStreetMap contributors,Open Database License,https://www.openstreetmap.org/copyright
"'Miryalaguda,Telangana,india'",16.8710119,79.5617353,"Miryalaguda - 508200, TG, India",,Miryalaguda,,,508200,Miryalaguda,Miryalaguda mandal,Telangana,TG,India,in,,0.3969,0.3969,© OpenStreetMap contributors,Open Database License,https://www.openstreetmap.org/copyright
" 'Ambattur,Tamil Nadu,india' ",13.1193746,80.1507648,"Zone 7 Ambattur, Ambattur, India",Zone 7 Ambattur,,,,,,Ambattur,Tamil Nadu,TN,India,in,,0,,© OpenStreetMap contributors,Open Database License,https://www.openstreetmap.org/copyright
"'Indore,Madhya Pradesh,india'",22.7203616,75.8681996,"Indore - 452001, MP, India",,Indore,,,452001,Indore,Juni Indore Tahsil,Madhya Pradesh,MP,India,in,,1,1,© OpenStreetMap contributors,Open Database License,https://www.openstreetmap.org/copyright
" 'Pondicherry,Puducherry,india'",11.9340568,79.8306447,"Puducherry - 605001, PY, India",,Puducherry,,,605001,Puducherry,Puducherry Taluk,Puducherry,PY,India,in,,0.33333333333333337,0.33333333333333337,© OpenStreetMap contributors,Open Database License,https://www.openstreetmap.org/copyright
"'Shimoga,Karnataka,india'",13.9326093,75.574978,"Shivamogga - 577200, KA, India",,Shivamogga,,,577200,Shivamogga,Shivamogga taluk,Karnataka,KA,India,in,,0.30434782608695654,0.30434782608695654,© OpenStreetMap contributors,Open Database License,https://www.openstreetmap.org/copyright
" 'Chennai,Tamil Nadu,india' ",13.0836939,80.270186,"Chennai - 600001, TN, India",,Chennai,,,600001,Chennai,Chennai District,Tamil Nadu,TN,India,in,,0.75,1,© OpenStreetMap contributors,Open Database License,https://www.openstreetmap.org/copyright
"'Gulbarga,Karnataka,india'",17.340936,76.831793,"Kalaburagi, KA, India",,,,,,Kalaburagi,Gulbarga,Karnataka,KA,India,in,,0.3969,0.3969,Who's On First,CC0,https://www.whosonfirst.org/docs/licenses/
" 'Khammam,Telangana,india' ",17.2465351,80.1500326,"Khammam - 507002, TG, India",,Khammam,,,507002,Khammam,Khammam_Urban mandal,Telangana,TG,India,in,,0.5217391304347826,0.5217391304347826,© OpenStreetMap contributors,Open Database License,https://www.openstreetmap.org/copyright
"'Saharanpur,Uttar Pradesh,india'",29.9637438,77.5427464,"Saharanpur - 247001, UP, India",,Saharanpur,,,247001,Saharanpur,Saharanpur,Uttar Pradesh,UP,India,in,,0.8,0.9,© OpenStreetMap contributors,Open Database License,https://www.openstreetmap.org/copyright
" 'Gopalpur,West Bengal,india' ",22.2695157,88.104507,"Gopalpur, Diamond Harbour - II, India",Gopalpur,Gopalpur,,,711314,,Diamond Harbour - II,West Bengal,WB,India,in,,1,1,© OpenStreetMap contributors,Open Database License,https://www.openstreetmap.org/copyright
"'Amravati,Maharashtra,india'",20.9316219,77.7588455,"Amravati - 444600, MH, India",,Amravati,,,444600,Amravati,Amravati,Maharashtra,MH,India,in,,0.3969,0.3969,© OpenStreetMap contributors,Open Database License,https://www.openstreetmap.org/copyright
" 'Udupi,Karnataka,india'",13.3419169,74.7473232,"Udupi - 576101, KA, India",,Udupi,,,576101,Udupi,Udupi taluku,Karnataka,KA,India,in,,0.3969,0.3969,© OpenStreetMap contributors,Open Database License,https://www.openstreetmap.org/copyright
"'Howrah,West Bengal,india'",22.5833648,88.3403452,"Howrah, Old Cab Road, Howrah Maidan, Howrah - 711101, WB, India",Howrah Maidan,Howrah,Old Cab Road,,711101,Howrah,Howrah District,West Bengal,WB,India,in,0.3333333333333333,0.25,1,© OpenStreetMap contributors,Open Database License,https://www.openstreetmap.org/copyright
" 'Aurangabad,Bihar,india' ",24.7536696,84.3746725,"Aurangabad - 824123, BR, India",,Aurangabad,,,824123,Aurangabad,Aurangabad,Bihar,BR,India,in,,0.3969,0.3969,© OpenStreetMap contributors,Open Database License,https://www.openstreetmap.org/copyright
"'Hospet,Karnataka,india'",15.266493,76.3872297,"Hosapete - 583200, KA, India",,Hosapete,,,583200,Hosapete,Hosapete taluk,Karnataka,KA,India,in,,0.3181818181818182,0.3181818181818182,© OpenStreetMap contributors,Open Database License,https://www.openstreetmap.org/copyright
" 'Shimla,Himachal Pradesh,india' ",31.09949485,77.15499328204825,"Shimla (urban), India",,,,,,,Shimla (urban),Himachal Pradesh,HP,India,in,,0.49965517241379315,,© OpenStreetMap contributors,Open Database License,https://www.openstreetmap.org/copyright
"'Khandwa,Madhya Pradesh,india'",21.916394,76.559634,"East Nimar, India",,East Nimar,,,,,East Nimar,Madhya Pradesh,MP,India,in,,0.23809523809523808,,Who's On First,CC0,https://www.whosonfirst.org/docs/licenses/
" 'Bidhannagar,West Bengal,india' ",22.59544115,88.42285125940343,"Bidhannagar, WB, India",,Bidhannagar,,,,Bidhannagar,Bidhannagar,West Bengal,WB,India,in,,0.7931034482758621,1,© OpenStreetMap contributors,Open Database License,https://www.openstreetmap.org/copyright
"'Bellary,Karnataka,india'",15.1433952,76.9193876,"Ballari - 583101, KA, India",,Ballari,,,583101,Ballari,Bellary taluk,Karnataka,KA,India,in,,0.2608695652173913,0.2608695652173913,© OpenStreetMap contributors,Open Database License,https://www.openstreetmap.org/copyright
" 'Danapur,Bihar,india' ",25.6358901,85.0474045,"Danapur - 801503, BR, India",,Danapur,,,801503,Danapur,Dinapur-Cum-Khagaul,Bihar,BR,India,in,,0.3969,0.3969,© OpenStreetMap contributors,Open Database License,https://www.openstreetmap.org/copyright
"'Purnia,Bihar,india' ",25.7773601,87.4731227,"Purnia - 854301, BR, India",,Purnia,,,854301,Purnia,Purnia East,Bihar,BR,India,in,,0.3969,0.3969,© OpenStreetMap contributors,Open Database License,https://www.openstreetmap.org/copyright
"'Bijapur,Karnataka,india'",16.8269911,75.7175387,"Vijayapura - 586101, KA, India",,Vijayapura,,,586101,Vijayapura,Vijayapura taluk,Karnataka,KA,India,in,,0.30434782608695654,0.30434782608695654,© OpenStreetMap contributors,Open Database License,https://www.openstreetmap.org/copyright
" 'Patiala,Punjab,india'",30.3295605,76.4127819,"Patiala, PB, India",,Patiala,,,,Patiala,Patiala Tahsil,Punjab,PB,India,in,,0.3969,0.3969,© OpenStreetMap contributors,Open Database License,https://www.openstreetmap.org/copyright
"'Malda,West Bengal,india'",25.0057449,88.1398483,"Malda - 732101, WB, India",,Malda,,,732101,Malda,English Bazar,West Bengal,WB,India,in,,0.5652173913043479,1,© OpenStreetMap contributors,Open Database License,https://www.openstreetmap.org/copyright
" 'Sagar,Madhya Pradesh,india'",23.8417793,78.7466817,"Sagar - 470001, MP, India",,Sagar,,,470001,Sagar,Sagar Nagar Tahsil,Madhya Pradesh,MP,India,in,,0.1923076923076923,0.225,© OpenStreetMap contributors,Open Database License,https://www.openstreetmap.org/copyright
"'Durgapur,West Bengal,india'",23.494862,87.3181832,"Durgapur, J.P. Avenue, Durgapur - 713200, WB, India",,Durgapur,J.P. Avenue,,713200,Durgapur,Faridpur Durgapur,West Bengal,WB,India,in,,0.7692307692307692,1,© OpenStreetMap contributors,Open Database License,https://www.openstreetmap.org/copyright
" 'Junagadh,Gujarat,india' ",21.5220416,70.4582458,"Junagadh - 362015, GJ, India",,Junagadh,,,362015,Junagadh,Junagadh City Taluka,Gujarat,GJ,India,in,,0.3969,0.3969,© OpenStreetMap contributors,Open Database License,https://www.openstreetmap.org/copyright
"'Singrauli,Madhya Pradesh,india'",24.2046546,82.642592,"Singrauli, NH135C, Waidhan, Singrauli - 486889, MP, India",,Singrauli,NH135C,Waidhan,486889,Singrauli,Singrauli Tahsil,Madhya Pradesh,MP,India,in,,1,1,© OpenStreetMap contributors,Open Database License,https://www.openstreetmap.org/copyright
" 'Agartala,Tripura,india' ",23.8312377,91.2823821,"Agartala - 799001, TR, India",,Agartala,,,799001,Agartala,Mohanpur,Tripura,TR,India,in,,0.3969,0.3969,© OpenStreetMap contributors,Open Database License,https://www.openstreetmap.org/copyright
"'Thanjavur,Tamil Nadu,india'",10.7860267,79.1381497,"Thanjavur - 613001, TN, India",,Thanjavur,,,613001,Thanjavur,Thanjavur,Tamil Nadu,TN,India,in,,0.7692307692307692,0.9,© OpenStreetMap contributors,Open Database License,https://www.openstreetmap.org/copyright
" 'Hindupur,Andhra Pradesh,india'",13.8325456,77.4922317,"Indian Red Cross Society Blood Bank - Hindupur, Hindupur - Somandepalli Road, Shrikantapuram, Hindupur - 515201, India",Shrikantapuram,Indian Red Cross Society Blood Bank - Hindupur,Hindupur - Somandepalli Road,,515201,Hindupur,Hindupur,,,India,in,0.3,0.2275862068965517,1,© OpenStreetMap contributors,Open Database License,https://www.openstreetmap.org/copyright
"'Naihati,West Bengal,india'",22.8886213,88.4239345,"Naihati - 743165, WB, India",,Naihati,,,743165,Naihati,Barrackpore,West Bengal,WB,India,in,,0.35720999999999997,0.35720999999999997,© OpenStreetMap contributors,Open Database License,https://www.openstreetmap.org/copyright
" 'North Dumdum,West Bengal,india'",22.6660837,88.4211986,"North Dumdum - 700051, WB, India",,North Dumdum,,,700051,North Dumdum,Barrackpore,West Bengal,WB,India,in,,0.8,1,© OpenStreetMap contributors,Open Database License,https://www.openstreetmap.org/copyright
"'Panchkula,Haryana,india'",30.6975401,76.8551066,"Panchkula - 134109, HR, India",,Panchkula,,,134109,Panchkula,Panchkula,Haryana,HR,India,in,,0.3969,0.3969,© OpenStreetMap contributors,Open Database License,https://www.openstreetmap.org/copyright
" 'Anantapur,Andhra Pradesh,india'",14.6787512,77.5986789,"Anantapur Dental Clinic & Implantology Centre, Anantapur - Krishnagiri Road, Kamalanagar, Anantapur - 515001, India",,Anantapur Dental Clinic & Implantology Centre,Anantapur - Krishnagiri Road,Kamalanagar,515001,Anantapur,Anantapur,,,India,in,0.35,0.2683333333333333,1,© OpenStreetMap contributors,Open Database License,https://www.openstreetmap.org/copyright
"'Serampore,West Bengal,india'",22.7549951,88.3416672,"Serampore - 712201, WB, India",,Serampore,,,712201,Serampore,Serampur Uttarpara,West Bengal,WB,India,in,,0.7777777777777778,1,© OpenStreetMap contributors,Open Database License,https://www.openstreetmap.org/copyright
" 'Bathinda,Punjab,india'",30.206791,74.9463699,"Bathinda - 151001, PB, India",,Bathinda,,,151001,Bathinda,Bathinda Tahsil,Punjab,PB,India,in,,0.3969,0.3969,© OpenStreetMap contributors,Open Database License,https://www.openstreetmap.org/copyright
"'Nadiad,Gujarat,india'",22.6895535,72.8713603,"Nadiad - 387001, GJ, India",,Nadiad,,,387001,Nadiad,Nadlad City Taluka,Gujarat,GJ,India,in,,0.3969,0.3969,© OpenStreetMap contributors,Open Database License,https://www.openstreetmap.org/copyright
" 'Kanpur,Uttar Pradesh,india'",28.195561,77.6560055,"Kanpur, Jewar, UP, India",,Kanpur,,,,Jewar,Gautam Buddha Nagar District,Uttar Pradesh,UP,India,in,,0.6923076923076923,0.9,© OpenStreetMap contributors,Open Database License,https://www.openstreetmap.org/copyright
"'Haridwar,Uttarakhand,india'",29.9384473,78.1452985,"Haridwar - 249401, UT, India",,Haridwar,,,249401,Haridwar,Hardwar,Uttarakhand,UT,India,in,,0.3969,0.3969,© OpenStreetMap contributors,Open Database License,https://www.openstreetmap.org/copyright
" 'Berhampur,Odisha,india'",21.5339688,86.6540622,"Berhampur (Berhampur) - 756058, OR, India",,Berhampur,,,756058,Berhampur,Berhampur,Odisha,OR,India,in,,0.3969,0.3969,© OpenStreetMap contributors,Open Database License,https://www.openstreetmap.org/copyright
"'Jamshedpur,Jharkhand,india'",22.8015194,86.2029579,"Jamshedpur - 831001, JH, India",,Jamshedpur,,,831001,Jamshedpur,Golmuri-Cum-Jugsalai,Jharkhand,JH,India,in,,0.3969,0.3969,© OpenStreetMap contributors,Open Database License,https://www.openstreetmap.org/copyright
" 'Hyderabad,Telangana,india' '",17.360589,78.4740613,"Hyderabad, TG, India",,,,,,Hyderabad,Bahadurpura mandal,Telangana,TG,India,in,,0.3076923076923077,0.3076923076923077,© OpenStreetMap contributors,Open Database License,https://www.openstreetmap.org/copyright
"Bidar,Karnataka,india'",17.9143767,77.5263568,"Bidar - 585400, KA, India",,Bidar,,,585400,Bidar,Bidar taluku,Karnataka,KA,India,in,,1,1,© OpenStreetMap contributors,Open Database License,https://www.openstreetmap.org/copyright
" 'Kottayam,Kerala,india' ",9.591564,76.5221599,"Kottayam - 686001, KL, India",,Kottayam,,,686001,Kottayam,Kottayam,Kerala,KL,India,in,,0.3969,0.3969,© OpenStreetMap contributors,Open Database License,https://www.openstreetmap.org/copyright
"'Solapur,Maharashtra,india'",17.6699734,75.9008118,"Solapur - 413001, MH, India",,Solapur,,,413001,Solapur,Solapur North,Maharashtra,MH,India,in,,0.3969,0.3969,© OpenStreetMap contributors,Open Database License,https://www.openstreetmap.org/copyright
" 'Suryapet,Telangana,india' ",17.1405328,79.6225105,"Suryapet - 508213, TG, India",,Suryapet,,,508213,Suryapet,Suryapet mandal,Telangana,TG,India,in,,0.3969,0.3969,© OpenStreetMap contributors,Open Database License,https://www.openstreetmap.org/copyright
"'Aizawl,Mizoram,india'",23.7433532,92.7382756,"Aizawl - 796190, MZ, India",,Aizawl,,,796190,Aizawl,Tlangnuam,Mizoram,MZ,India,in,,0.3969,0.3969,© OpenStreetMap contributors,Open Database License,https://www.openstreetmap.org/copyright
" 'Asansol,West Bengal,india'",23.6871297,86.9746587,"Asansol, WB, India",,Asansol,,,,Asansol,Asansol Kulti Township,West Bengal,WB,India,in,,0.76,1,© OpenStreetMap contributors,Open Database License,https://www.openstreetmap.org/copyright
"'Deoghar,Jharkhand,india'",24.4898318,86.6990182,"Deoghar - 814112, JH, India",,Deoghar,,,814112,Deoghar,Deoghar,Jharkhand,JH,India,in,,0.3969,0.3969,© OpenStreetMap contributors,Open Database License,https://www.openstreetmap.org/copyright
" 'Eluru,Andhra Pradesh,india'",16.7130705,81.0984594,"Eluru Children's Hospital, Ramachandra Rao Pet Main Road, Powerpet, Eluru - 534006, India",Powerpet,Eluru Children's Hospital,Ramachandra Rao Pet Main Road,Narasimha Rao Pet,534006,Eluru,Eluru,,,India,in,0.2857142857142857,0.2087912087912088,1,© OpenStreetMap contributors,Open Database License,https://www.openstreetmap.org/copyright
"'Ulhasnagar,Maharashtra,india'",19.2236329,73.1671515,"Ulhasnagar, MH, India",,,,,,Ulhasnagar,Ulhasnagar Taluka,Maharashtra,MH,India,in,,0.3969,0.3969,© OpenStreetMap contributors,Open Database License,https://www.openstreetmap.org/copyright
" 'Aligarh,Uttar Pradesh,india'",27.8815412,78.0690216,"Aligarh - 202001, UP, India",,Aligarh,,,202001,Aligarh,Koil,Uttar Pradesh,UP,India,in,,0.7777777777777778,1,© OpenStreetMap contributors,Open Database License,https://www.openstreetmap.org/copyright
"'South Dumdum,West Bengal,india'",22.6180871,88.412251,"South Dumdum - 700074, WB, India",,South Dumdum,,,700074,South Dumdum,Barrackpore,West Bengal,WB,India,in,,0.8,1,© OpenStreetMap contributors,Open Database License,https://www.openstreetmap.org/copyright
" 'Berhampore,West Bengal,india' ",24.1044927,88.2510635,"Berhampore - 742101, WB, India",,Berhampore,,,742101,Berhampore,Berhampore,West Bengal,WB,India,in,,0.7857142857142857,1,© OpenStreetMap contributors,Open Database License,https://www.openstreetmap.org/copyright
"'Gandhinagar,Gujarat,india'",23.2232877,72.6492267,"Gandhinagar, GJ, India",,Gandhinagar,,,,Gandhinagar,Gandhinagar Taluka,Gujarat,GJ,India,in,,0.3969,0.3969,© OpenStreetMap contributors,Open Database License,https://www.openstreetmap.org/copyright
" 'Sonipat,Haryana,india' ",28.9953758,77.0233627,"Sonipat - 131001, HR, India",,Sonipat,,,131001,Sonipat,Sonipat,Haryana,HR,India,in,,0.3969,0.3969,© OpenStreetMap contributors,Open Database License,https://www.openstreetmap.org/copyright
"'Muzaffarpur,Bihar,india'",26.1182898,85.3857888,"Muzaffarpur - 842001, BR, India",,Muzaffarpur,,,842001,Muzaffarpur,Musahri,Bihar,BR,India,in,,0.3969,0.3969,© OpenStreetMap contributors,Open Database License,https://www.openstreetmap.org/copyright
" 'Raichur,Karnataka,india' ",16.1983225,77.3527444,"Raichur - 584100, KA, India",,Raichur,,,584100,Raichur,Rayachuru taluku,Karnataka,KA,India,in,,0.3969,0.3969,© OpenStreetMap contributors,Open Database License,https://www.openstreetmap.org/copyright
"'Rajpur Sonarpur,West Bengal,india'",22.4408748,88.4246368,"Rajpur Sonarpur - 700150, WB, India",,Rajpur Sonarpur,,,700150,Rajpur Sonarpur,Sonarpur,West Bengal,WB,India,in,,0.8181818181818181,1,© OpenStreetMap contributors,Open Database License,https://www.openstreetmap.org/copyright
" 'Ambarnath,Maharashtra,india' ",19.2015607,73.2004771,"Ambernath, MH, India",,,,,,Ambernath,Ulhasnagar Taluka,Maharashtra,MH,India,in,,0.2962962962962963,0.2962962962962963,© OpenStreetMap contributors,Open Database License,https://www.openstreetmap.org/copyright
"'Katihar,Bihar,india'",25.5433817,87.5690417,"Katihar - 854101, BR, India",,Katihar,,,854101,Katihar,Katihar,Bihar,BR,India,in,,0.3969,0.3969,© OpenStreetMap contributors,Open Database License,https://www.openstreetmap.org/copyright
" 'Kozhikode,Kerala,india' ",11.2450558,75.7754716,"Kozhikode - 673001, KL, India",,Kozhikode,,,673001,Kozhikode,Kozhikode,Kerala,KL,India,in,,0.3969,0.3969,© OpenStreetMap contributors,Open Database License,https://www.openstreetmap.org/copyright
"'Vellore,Tamil Nadu,india'",12.9071753,79.1309695,"Vellore - 632012, TN, India",,Vellore,,,632012,Vellore,Vellore,Tamil Nadu,TN,India,in,,0.75,1,© OpenStreetMap contributors,Open Database License,https://www.openstreetmap.org/copyright
" 'Malegaon,Maharashtra,india' ",20.5576062,74.5246514,"Malegaon - 423200, MH, India",,Malegaon,,,423200,Malegaon,Malegaon,Maharashtra,MH,India,in,,0.3969,0.3969,© OpenStreetMap contributors,Open Database License,https://www.openstreetmap.org/copyright
"'Kochi,Kerala,india' ",9.9674277,76.2454436,"Kochi - 682001, KL, India",,Kochi,,,682001,Kochi,Kochi,Kerala,KL,India,in,,0.3969,0.3969,© OpenStreetMap contributors,Open Database License,https://www.openstreetmap.org/copyright
"'Nagaon,Assam,india'",26.3482238,92.6858215,"Nagaon - 782001, AS, India",,Nagaon,,,782001,Nagaon,Nagaon,Assam,AS,India,in,,0.3969,0.3969,© OpenStreetMap contributors,Open Database License,https://www.openstreetmap.org/copyright
" 'Nagpur,Maharashtra,india' ",21.1498134,79.0820556,"Nagpur, MH, India",,,,,,Nagpur,Nagpur Urban Taluka,Maharashtra,MH,India,in,,0.3969,0.3969,© OpenStreetMap contributors,Open Database License,https://www.openstreetmap.org/copyright
"'Srinagar,Jammu and Kashmir,india'",34.0747444,74.8204443,"Srinagar - 190001, JK, India",,Srinagar,,,190001,Srinagar,Srinagar (South),Jammu and Kashmir,JK,India,in,,0.8125,1,© OpenStreetMap contributors,Open Database License,https://www.openstreetmap.org/copyright
" 'Davanagere,Karnataka,india' ",14.4679807,75.9195682,"Davanagere, SH76, K.B. Extension, Davanagere - 577002, KA, India",K.B. Extension,Davanagere,SH76,,577002,Davanagere,Davanagere Taluku,Karnataka,KA,India,in,,0.7692307692307692,1,© OpenStreetMap contributors,Open Database License,https://www.openstreetmap.org/copyright
"'Bhagalpur,Bihar,india' ",25.2494829,86.9828131,"Bhagalpur - 812002, BR, India",,Bhagalpur,,,812002,Bhagalpur,Jagdishpur,Bihar,BR,India,in,,0.3969,0.3969,© OpenStreetMap contributors,Open Database License,https://www.openstreetmap.org/copyright
"'Siwan,Bihar,india'",26.263246600000002,84.32254962309293,"841245, BR, India",,,,,841245,,Siwan,Bihar,BR,India,in,,0.3969,0.3969,© OpenStreetMap contributors,Open Database License,https://www.openstreetmap.org/copyright
" 'Meerut,Uttar Pradesh,india' ",28.9826533,77.7081013,"Meerut - 250003, UP, India",,Meerut,,,250003,Meerut,Meerut District,Uttar Pradesh,UP,India,in,,0.5,1,© OpenStreetMap contributors,Open Database License,https://www.openstreetmap.org/copyright
"'Dindigul,Tamil Nadu,india'",10.326077,77.9851473,"Tamil, Dindigul - Natham - Singampunari - Tiruppattur - Karaikudi Road, Dindigul - 624001, TN, India",,Tamil,Dindigul - Natham - Singampunari - Tiruppattur - Karaikudi Road,,624001,Dindigul,Dindigul,Tamil Nadu,TN,India,in,,0.72,0.9,© OpenStreetMap contributors,Open Database License,https://www.openstreetmap.org/copyright
" 'Bhatpara,West Bengal,india'",22.8571157,88.3971976,"Bhatpara, Barrackpore, WB, India",Bhatpara,Bhatpara,,,743125,Barrackpore,Barrackpore,West Bengal,WB,India,in,,0.7692307692307692,1,© OpenStreetMap contributors,Open Database License,https://www.openstreetmap.org/copyright
"'Ghaziabad,Uttar Pradesh,india'",28.678319,77.3818702,"Ghaziabad, Madan Mohan Malviya Marg, Sahibabad, Ghaziabad - 201007, UP, India",Sahibabad,Ghaziabad,Madan Mohan Malviya Marg,,201007,Ghaziabad,Ghaziabad District,Uttar Pradesh,UP,India,in,,0.7931034482758621,1,© OpenStreetMap contributors,Open Database License,https://www.openstreetmap.org/copyright
" 'Kulti,West Bengal,india' ",23.7381419,86.8485147,"Kulti, Grand Trunk Road, Kulti, Sitarampur - 713359, WB, India",Kulti,Kulti,Grand Trunk Road,,713359,Sitarampur,Asansol Kulti Township,West Bengal,WB,India,in,,0.7391304347826086,1,© OpenStreetMap contributors,Open Database License,https://www.openstreetmap.org/copyright
"'Chapra,Bihar,india'",25.547344,85.597862,"Chapra, BR, India",,,,,,Chapra,Samastipur,Bihar,BR,India,in,,0.3969,0.3969,Who's On First,CC0,https://www.whosonfirst.org/docs/licenses/
"'Dibrugarh,Assam,india'",27.4844597,94.9019447,"Dibrugarh - 786001, AS, India",,Dibrugarh,,,786001,Dibrugarh,Dibrugarh East,Assam,AS,India,in,,0.3969,0.3969,© OpenStreetMap contributors,Open Database License,https://www.openstreetmap.org/copyright
" 'Panihati,West Bengal,india'",22.6950342,88.4073585,"Panihati - 700111, WB, India",,Panihati,,,700111,Panihati,Barrackpore,West Bengal,WB,India,in,,0.7692307692307692,1,© OpenStreetMap contributors,Open Database License,https://www.openstreetmap.org/copyright
"'Bhiwandi,Maharashtra,india'",19.3025562,73.0588072,"Bhiwandi, MH, India",,Bhiwandi,,,,Bhiwandi,Bhiwandi Taluka,Maharashtra,MH,India,in,,0.3969,0.3969,© OpenStreetMap contributors,Open Database License,https://www.openstreetmap.org/copyright
" 'Morbi,Gujarat,india' ",22.8176662,70.8345928,"Morbi - 363641, GJ, India",,Morbi,,,363641,Morbi,Morbi Taluka,Gujarat,GJ,India,in,,0.3969,0.3969,© OpenStreetMap contributors,Open Database License,https://www.openstreetmap.org/copyright
"'KalyanDombivli,Maharashtra,india'",,,,,,,,,,,,,,,,,,,,
" 'Gorakhpur,Uttar Pradesh,india'",26.7780452,83.41521037078049,"Gorakhpur, India",,,,,,,Gorakhpur,Uttar Pradesh,UP,India,in,,0.7931034482758621,,© OpenStreetMap contributors,Open Database License,https://www.openstreetmap.org/copyright
"'Panvel,Maharashtra,india'",18.9895249,73.1221935,"Panvel, MH, India",,,,,,Panvel,Panvel,Maharashtra,MH,India,in,,0.3969,0.3969,© OpenStreetMap contributors,Open Database License,https://www.openstreetmap.org/copyright
" 'Siliguri,West Bengal,india'",26.7164127,88.4309916,"Siliguri, WB, India",,Siliguri,,,,Siliguri,Matigara block,West Bengal,WB,India,in,,0.6153846153846154,1,© OpenStreetMap contributors,Open Database License,https://www.openstreetmap.org/copyright
"'Bongaigaon,Assam,india'",26.4800126,90.5580387,"Bongaigaon - 783380, AS, India",,Bongaigaon,,,783380,Bongaigaon,Bongaigaon (Pt),Assam,AS,India,in,,0.3969,0.3969,© OpenStreetMap contributors,Open Database License,https://www.openstreetmap.org/copyright
"'Patna,Bihar,india'",25.6093239,85.1235252,"Patna - 800001, BR, India",,Patna,,,800001,Patna,Patna Rural,Bihar,BR,India,in,,0.3969,0.3969,© OpenStreetMap contributors,Open Database License,https://www.openstreetmap.org/copyright
" 'Ramgarh,Jharkhand,india'",23.6303213,85.5215878,"Ramgarh - 829103, JH, India",,Ramgarh,,,829103,Ramgarh,Ramgarh,Jharkhand,JH,India,in,,0.3969,0.3969,© OpenStreetMap contributors,Open Database License,https://www.openstreetmap.org/copyright
"'Ozhukarai,Puducherry,india'",11.954021,79.814987,"Ozhukarai, PY, India",,,,,,Ozhukarai,Pondicherry,Puducherry,PY,India,in,,0.3969,0.3969,Who's On First,CC0,https://www.whosonfirst.org/docs/licenses/
" 'Mirzapur,Uttar Pradesh,india'",25.1343598,82.57062991954112,"Mirzapur, NH35, Surekapuram Colony, Mirzapur - 231209, UP, India",,Mirzapur,NH35,Surekapuram Colony,231209,Mirzapur,Mirzapur,Uttar Pradesh,UP,India,in,,0.7857142857142857,1,© OpenStreetMap contributors,Open Database License,https://www.openstreetmap.org/copyright
"'Akola,Maharashtra,india'",20.7116604,77.002632,"Akola - 444001, MH, India",,Akola,,,444001,Akola,Akola,Maharashtra,MH,India,in,,0.3969,0.3969,© OpenStreetMap contributors,Open Database License,https://www.openstreetmap.org/copyright
" 'Satna,Madhya Pradesh,india'",24.5,81,"Satna, India",,Satna,,,,,Satna,Madhya Pradesh,MP,India,in,,0.7692307692307692,,© OpenStreetMap contributors,Open Database License,https://www.openstreetmap.org/copyright
"'Motihari,Bihar,india'",26.6506888,84.9114654,"Motihari, BR, India",,Motihari,,,,Motihari,Motihari,Bihar,BR,India,in,,0.3969,0.3969,© OpenStreetMap contributors,Open Database License,https://www.openstreetmap.org/copyright
" 'Jalna,Maharashtra,india' ",19.8393394,75.8818806,"Jalna - 431200, MH, India",,Jalna,,,431200,Jalna,Jalna,Maharashtra,MH,India,in,,0.3969,0.3969,© OpenStreetMap contributors,Open Database License,https://www.openstreetmap.org/copyright
"'Jalandhar,Punjab,india'",31.3323762,75.576889,"Jalandhar - 144001, PB, India",,Jalandhar,,,144001,Jalandhar,Jalandhar I Tahsil,Punjab,PB,India,in,,0.3969,0.3969,© OpenStreetMap contributors,Open Database License,https://www.openstreetmap.org/copyright
" 'Unnao,Uttar Pradesh,india'",26.478962199999998,80.5228198291491,"Unnao, India",,,,,,,Unnao,Uttar Pradesh,UP,India,in,,0.76,,© OpenStreetMap contributors,Open Database License,https://www.openstreetmap.org/copyright
"'Karnal,Haryana,india' ",29.6803266,76.9896254,"Karnal - 132001, HR, India",,Karnal,,,132001,Karnal,Karnal,Haryana,HR,India,in,,0.3969,0.3969,© OpenStreetMap contributors,Open Database License,https://www.openstreetmap.org/copyright
"'Cuttack,Odisha,india'",20.4686,85.8792,"Cuttack - 753001, OR, India",,Cuttack,,,753001,Cuttack,Cuttack (M.Corp.) P.S,Odisha,OR,India,in,,0.3969,0.3969,© OpenStreetMap contributors,Open Database License,https://www.openstreetmap.org/copyright
" 'Proddatur,Andhra Pradesh,india' ",14.7416855,78.551074,"APVVP- Andhra Pradesh Vaidya Vidhana Parishad Area Hospital Blood Bank- Proddatur, Yerraguntla Road, Proddatur - 516360, India",,APVVP- Andhra Pradesh Vaidya Vidhana Parishad Area Hospital Blood Bank- Proddatur,Yerraguntla Road,,516360,Proddatur,Proddatur,,,India,in,0.18181818181818182,0.09696969696969697,1,© OpenStreetMap contributors,Open Database License,https://www.openstreetmap.org/copyright
"'Ichalkaranji,Maharashtra,india'",16.6959348,74.4555755,"Ichalkaranji - 416115, MH, India",,Ichalkaranji,,,416115,Ichalkaranji,Hatkanangle,Maharashtra,MH,India,in,,0.3969,0.3969,© OpenStreetMap contributors,Open Database License,https://www.openstreetmap.org/copyright
" 'Warangal,Telangana,india'",17.9820644,79.5970954,"Warangal - 506002, TG, India",,Warangal,,,506002,Warangal,Warangal mandal,Telangana,TG,India,in,,0.3969,0.3969,© OpenStreetMap contributors,Open Database License,https://www.openstreetmap.org/copyright
"'Jhansi,Uttar Pradesh,india'",25.4502464,78.5800085,"Jhansi, UP, India",,Jhansi,,,,Jhansi,Jhansi,Uttar Pradesh,UP,India,in,,0.7692307692307692,1,© OpenStreetMap contributors,Open Database License,https://www.openstreetmap.org/copyright
" 'Bulandshahr,Uttar Pradesh,india'",28.3931217,77.8480844,"Bulandshahr, SH18, Bulandshahr - 203001, UP, India",,Bulandshahr,SH18,,203001,Bulandshahr,Bulandshahr,Uttar Pradesh,UP,India,in,,0.8064516129032258,1,© OpenStreetMap contributors,Open Database License,https://www.openstreetmap.org/copyright
"'Narasaraopet,Andhra Pradesh,india'",16.23411,80.047297,"Narasaraopet, AP, India",,,,,,Narasaraopet,Guntur,Andhra Pradesh,AP,India,in,,0.7878787878787878,1,Who's On First,CC0,https://www.whosonfirst.org/docs/licenses/
" 'Chinsurah,West Bengal,india'",22.8854687,88.3837126,"Chinsurah, Hugli-Chuchura, WB, India",Chinsurah,Chinsurah,,,712102,Hugli-Chuchura,Chinsurah - Magra,West Bengal,WB,India,in,,0.7777777777777778,1,© OpenStreetMap contributors,Open Database License,https://www.openstreetmap.org/copyright
"'Jehanabad,Bihar,india'",25.2113384,84.9873701,"Jehanabad, BR, India",,Jehanabad,,,,Jehanabad,Jehanabad,Bihar,BR,India,in,,0.3969,0.3969,© OpenStreetMap contributors,Open Database License,https://www.openstreetmap.org/copyright
" 'Dhanbad,Jharkhand,india'",23.7952809,86.4309638,"Dhanbad - 826001, JH, India",,Dhanbad,,,826001,Dhanbad,Dhanbad-Cum-Kenduadih-Cum-Jagata,Jharkhand,JH,India,in,,0.3969,0.3969,© OpenStreetMap contributors,Open Database License,https://www.openstreetmap.org/copyright
"'Gudivada,Andhra Pradesh,india'",16.44019,80.992493,"Gudivada Dental Hospital, Machilipatnam - Nuzvid - Kalluru Road, Nagavarappadu, Gudivada - 521301, India",Nagavarappadu,Gudivada Dental Hospital,Machilipatnam - Nuzvid - Kalluru Road,Rajendra Nagar,521301,Gudivada,Gudivada,,,India,in,,0.44968965517241377,1,© OpenStreetMap contributors,Open Database License,https://www.openstreetmap.org/copyright
" 'Gandhidham,Gujarat,india' ",23.0718743,70.131715,"Gandhidham - 370210, GJ, India",,Gandhidham,,,370210,Gandhidham,Gandhidham Taluka,Gujarat,GJ,India,in,,0.3969,0.3969,© OpenStreetMap contributors,Open Database License,https://www.openstreetmap.org/copyright
"'Raiganj,West Bengal,india'",25.6187179,88.1290332,"Raiganj, Municipality Road, Raiganj - 733134, WB, India",,Raiganj,Municipality Road,,733134,Raiganj,Raiganj,West Bengal,WB,India,in,,0.76,1,© OpenStreetMap contributors,Open Database License,https://www.openstreetmap.org/copyright
" 'Kishanganj,Bihar,india'",26.1014194,87.9507791,"Kishanganj - 855107, BR, India",,Kishanganj,,,855107,Kishanganj,Kishanganj,Bihar,BR,India,in,,0.3969,0.3969,© OpenStreetMap contributors,Open Database License,https://www.openstreetmap.org/copyright
"'Varanasi,Uttar Pradesh,india'",25.3356491,83.0076292,"Varanasi - 221001, UP, India",,Varanasi,,,221001,Varanasi,Sadar,Uttar Pradesh,UP,India,in,,0.7857142857142857,1,© OpenStreetMap contributors,Open Database License,https://www.openstreetmap.org/copyright
" 'Belgaum,Karnataka,india'",15.865191,74.508676,"Belagavi - 590001, KA, India",,,,,590001,Belagavi,Belgaum,Karnataka,KA,India,in,,0.7391304347826086,1,Who's On First,CC0,https://www.whosonfirst.org/docs/licenses/
"'Tirupati,Andhra Pradesh,india'",13.626383,79.422202,"Tirupati, AP, India",,,,,,Tirupati,Chittoor,Andhra Pradesh,AP,India,in,,0.7586206896551724,1,Who's On First,CC0,https://www.whosonfirst.org/docs/licenses/
" 'Tumkur,Karnataka,india' ",13.3400771,77.1006208,"Tumakuru - 572101, KA, India",,Tumakuru,,,572101,Tumakuru,Tumkur taluk,Karnataka,KA,India,in,,0.22727272727272727,0.22727272727272727,© OpenStreetMap contributors,Open Database License,https://www.openstreetmap.org/copyright
"'Coimbatore,Tamil Nadu,india'",11.0018115,76.9628425,"Coimbatore - 641001, TN, India",,Coimbatore,,,641001,Coimbatore,Coimbatore North,Tamil Nadu,TN,India,in,,0.7777777777777778,1,© OpenStreetMap contributors,Open Database License,https://www.openstreetmap.org/copyright
" 'Kurnool,Andhra Pradesh,india' ",15.8309251,78.0425373,"Kurnool - 518001, AP, India",,Kurnool,,,518001,Kurnool,Kurnool,Andhra Pradesh,AP,India,in,,0.7857142857142857,1,© OpenStreetMap contributors,Open Database License,https://www.openstreetmap.org/copyright
"'Gurgaon,Haryana,india'",28.4646148,77.0299194,"Gurugram District, HR, India",,,,,,Gurugram District,,Haryana,HR,India,in,,0.2857142857142857,0.2857142857142857,© OpenStreetMap contributors,Open Database License,https://www.openstreetmap.org/copyright
" 'Muzaffarnagar,Uttar Pradesh,india' ",29.470013,77.7081822,"Muzaffarnagar, Bhopa Road, Muzaffarnagar - 251001, UP, India",,Muzaffarnagar,Bhopa Road,,251001,Muzaffarnagar,Muzaffarnagar,Uttar Pradesh,UP,India,in,,0.8181818181818181,1,© OpenStreetMap contributors,Open Database License,https://www.openstreetmap.org/copyright
"'Aurangabad,Maharashtra,india'",19.877263,75.3390241,"Chhatrapati Sambhajinagar - 431002, MH, India",,Chhatrapati Sambhajinagar,,,431002,Chhatrapati Sambhajinagar,Chhatrapati Sambhajinagar,Maharashtra,MH,India,in,,0.2857142857142857,0.2857142857142857,© OpenStreetMap contributors,Open Database License,https://www.openstreetmap.org/copyright
" 'Bhavnagar,Gujarat,india' ",21.7718836,72.1416449,"Bhavnagar - 364001, GJ, India",,Bhavnagar,,,364001,Bhavnagar,Bhavnagar Taluka,Gujarat,GJ,India,in,,0.3969,0.3969,© OpenStreetMap contributors,Open Database License,https://www.openstreetmap.org/copyright
"'Arrah,Bihar,india' ",25.560317,84.6632139,"Arrah - 802300, BR, India",,Arrah,,,802300,Arrah,Arrah,Bihar,BR,India,in,,0.3969,0.3969,© OpenStreetMap contributors,Open Database License,https://www.openstreetmap.org/copyright
"'Munger,Bihar,india'",25.3773519,86.4731039,"Munger, BR, India",,Munger,,,,Munger,Munger,Bihar,BR,India,in,,0.3969,0.3969,© OpenStreetMap contributors,Open Database License,https://www.openstreetmap.org/copyright
" 'Tirunelveli,Tamil Nadu,india'",8.7284271,77.7112925,"Tirunelveli - 627001, TN, India",,Tirunelveli,,,627001,Tirunelveli,Tirunelveli,Tamil Nadu,TN,India,in,,0.7857142857142857,1,© OpenStreetMap contributors,Open Database License,https://www.openstreetmap.org/copyright
"'Mumbai,Maharashtra,india'",19.0785451,72.878176,"Mumbai, MH, India",,,,,,Mumbai,,Maharashtra,MH,India,in,,0.3969,0.3969,© OpenStreetMap contributors,Open Database License,https://www.openstreetmap.org/copyright
" 'Mango,Jharkhand,india'",24.254751,85.78756,"Mango, JH, India",,,,,,Mango,Hazaribagh,Jharkhand,JH,India,in,,0.3969,0.3969,Who's On First,CC0,https://www.whosonfirst.org/docs/licenses/
"'Nashik,Maharashtra,india'",20.0112475,73.7902364,"Nashik, MH, India",,,,,,Nashik,Nashik District,Maharashtra,MH,India,in,,0.3969,0.3969,© OpenStreetMap contributors,Open Database License,https://www.openstreetmap.org/copyright
" 'Kadapa,Andhra Pradesh,india' ",14.468942,78.827644,"Kadapa, AP, India",,,,,,Kadapa,Kadapa,Andhra Pradesh,AP,India,in,,0.6666666666666666,0.9,Who's On First,CC0,https://www.whosonfirst.org/docs/licenses/
"'Amritsar,Punjab,india'",31.6343083,74.8736788,"Amritsar - 143001, PB, India",,Amritsar,,,143001,Amritsar,Amritsar I Tahsil,Punjab,PB,India,in,,0.3969,0.3969,© OpenStreetMap contributors,Open Database License,https://www.openstreetmap.org/copyright
" 'Khora Ghaziabad,Uttar Pradesh,india'",28.626249,77.3465824,"Khora, Ghaziabad, UP, India",Khora,Khora,,,110092,Ghaziabad,Ghaziabad District,Uttar Pradesh,UP,India,in,,0.8285714285714285,1,© OpenStreetMap contributors,Open Database License,https://www.openstreetmap.org/copyright
"'Ambala,Haryana,india'",30.3843674,76.770421,"Ambala - 134002, HR, India",,Ambala,,,134002,Ambala,Ambala Cantt,Haryana,HR,India,in,,0.3969,0.3969,© OpenStreetMap contributors,Open Database License,https://www.openstreetmap.org/copyright
" 'Agra,Uttar Pradesh,india' ",27.1752554,78.0098161,"Agra, UP, India",,,,,,Agra,Agra District,Uttar Pradesh,UP,India,in,,0.5,1,© OpenStreetMap contributors,Open Database License,https://www.openstreetmap.org/copyright
"'Ratlam,Madhya Pradesh,india'",23.3311044,75.0360846,"Ratlam - 457001, MP, India",,Ratlam,,,457001,Ratlam,Ratlam Nagar Tahsil,Madhya Pradesh,MP,India,in,,0.1830065359477124,0.21176470588235294,© OpenStreetMap contributors,Open Database License,https://www.openstreetmap.org/copyright
" 'Surendranagar Dudhrej,Gujarat,india' ",22.695753,71.618328,"Surendranagar Dudhrej, GJ, India",,,,,,Surendranagar Dudhrej,Surendranagar,Gujarat,GJ,India,in,,0.3969,0.3969,Who's On First,CC0,https://www.whosonfirst.org/docs/licenses/
"'Delhi city,Delhi,india'",28.557163,77.163665,"Delhi, DL, India",,,,,,Delhi,South West Delhi,Delhi,DL,India,in,,0.25,0.25,Who's On First,CC0,https://www.whosonfirst.org/docs/licenses/
" 'Bhopal,Madhya Pradesh,india' ",23.5,77.416667,"Bhopal, India",,Bhopal,,,,,Bhopal,Madhya Pradesh,MP,India,in,,0.16153846153846155,,© OpenStreetMap contributors,Open Database License,https://www.openstreetmap.org/copyright
"'Hapur,Uttar Pradesh,india'",28.7299677,77.775499,"Hapur - 245101, UP, India",,Hapur,,,245101,Hapur,Hapur,Uttar Pradesh,UP,India,in,,0.76,1,© OpenStreetMap contributors,Open Database License,https://www.openstreetmap.org/copyright
" 'Rohtak,Haryana,india' ",28.9010899,76.5801935,"Rohtak - 124001, HR, India",,Rohtak,,,124001,Rohtak,Rohtak,Haryana,HR,India,in,,0.3969,0.3969,© OpenStreetMap contributors,Open Database License,https://www.openstreetmap.org/copyright
"'Durg,Chhattisgarh,india'",21.1896499,81.2851077,"Durg - 491002, CT, India",,Durg,,,491002,Durg,Durg Tahsil,Chhattisgarh,CT,India,in,,0.2222222222222222,0.2222222222222222,© OpenStreetMap contributors,Open Database License,https://www.openstreetmap.org/copyright
" 'Korba,Chhattisgarh,india' ",22.3547468,82.7110855,"Korba - 495600, CT, India",,Korba,,,495600,Korba,Korba Tahsil,Chhattisgarh,CT,India,in,,0.2222222222222222,0.2222222222222222,© OpenStreetMap contributors,Open Database License,https://www.openstreetmap.org/copyright
"'Bangalore,Karnataka,india'",12.9767936,77.590082,"Bengaluru - 560001, KA, India",,Bengaluru,,,560001,Bengaluru,Bangalore North,Karnataka,KA,India,in,,0.648,0.9,© OpenStreetMap contributors,Open Database License,https://www.openstreetmap.org/copyright
" 'Shivpuri,Madhya Pradesh,india'",25.5,78,"Shivpuri, India",,Shivpuri,,,,,Shivpuri,Madhya Pradesh,MP,India,in,,0.7931034482758621,,© OpenStreetMap contributors,Open Database License,https://www.openstreetmap.org/copyright
"'Thrissur,Kerala,india'",10.5270099,76.214621,"Thrissur - 680001, KL, India",,Thrissur,,,680001,Thrissur,Thrissur,Kerala,KL,India,in,,0.3969,0.3969,© OpenStreetMap contributors,Open Database License,https://www.openstreetmap.org/copyright
" 'Vijayanagaram,Andhra Pradesh,india' ",15.254598,78.493653,"Vijayanagaram, AP, India",,,,,,Vijayanagaram,Kurnool,Andhra Pradesh,AP,India,in,,0.7941176470588236,1,Who's On First,CC0,https://www.whosonfirst.org/docs/licenses/
"'Farrukhabad,Uttar Pradesh,india'",27.3895336,79.5790994,"Farrukhabad - 209625, UP, India",,Farrukhabad,,,209625,Farrukhabad,Farrukhabad,Uttar Pradesh,UP,India,in,,0.8064516129032258,1,© OpenStreetMap contributors,Open Database License,https://www.openstreetmap.org/copyright
" 'Nangloi Jat,Delhi,india' ",28.67957,77.06799,"Nāngloi Jāt, DL, India",,,,,,Nāngloi Jāt,South West Delhi,Delhi,DL,India,in,,0.3969,0.3969,GeoNames,CC BY 4.0,https://www.geonames.org/datasources/
"'Madanapalle,Andhra Pradesh,india'",13.5557979,78.500872,"Madanapalle - 517300, AP, India",,Madanapalle,,,517300,Madanapalle,Madanapalle,Andhra Pradesh,AP,India,in,,0.8125,0.9,© OpenStreetMap contributors,Open Database License,https://www.openstreetmap.org/copyright
" 'Thoothukudi,Tamil Nadu,india' ",8.8052602,78.1452745,"Thoothukudi - 628001, TN, India",,Thoothukudi,,,628001,Thoothukudi,Thoothukkudi,Tamil Nadu,TN,India,in,,0.7857142857142857,1,© OpenStreetMap contributors,Open Database License,https://www.openstreetmap.org/copyright
"'Nagercoil,Tamil Nadu,india'",8.1880471,77.4290492,"Nagercoil - 629001, TN, India",,Nagercoil,,,629001,Nagercoil,Agastheeswaram,Tamil Nadu,TN,India,in,,0.7692307692307692,1,© OpenStreetMap contributors,Open Database License,https://www.openstreetmap.org/copyright
" 'Gaya,Bihar,india' ",24.7964355,85.0079563,"Gaya - 823001, BR, India",,Gaya,,,823001,Gaya,Gaya Town C.D.Block,Bihar,BR,India,in,,0.3969,0.3969,© OpenStreetMap contributors,Open Database License,https://www.openstreetmap.org/copyright
"'Chandigarh city,Chandigarh,india'",30.728092,76.7784,"Chandigarh, CH, India",,,,,,Chandigarh,Chandigarh,Chandigarh,CH,India,in,,0.25,0.25,Who's On First,CC0,https://www.whosonfirst.org/docs/licenses/
" 'Jammu,Jammu and Kashmir,india'",32.7185614,74.8580917,"Jammu - 180001, JK, India",,Jammu,,,180001,Jammu,Jammu,Jammu and Kashmir,JK,India,in,,0.7931034482758621,0.9,© OpenStreetMap contributors,Open Database License,https://www.openstreetmap.org/copyright
"'Kakinada,Andhra Pradesh,india'",17.01960945,82.29175817758679,"Kakinada Beach park, Suryaraopeta - 533005, India",,Kakinada Beach park,,,533005,Suryaraopeta,Kakinada (Rural),,,India,in,,0.5530344827586208,0.24,© OpenStreetMap contributors,Open Database License,https://www.openstreetmap.org/copyright
" 'Dewas,Madhya Pradesh,india'",23,76.166667,"Dewas, India",,Dewas,,,,,Dewas,Madhya Pradesh,MP,India,in,,0.15976331360946744,,© OpenStreetMap contributors,Open Database License,https://www.openstreetmap.org/copyright
"'Bhalswa Jahangir Pur,Delhi,india'",25.257428,85.751975,"Jahangir Pur, BR, India",,,,,,Jahangir Pur,Sheikhpura,Bihar,BR,India,in,,0.4,0.4,Who's On First,CC0,https://www.whosonfirst.org/docs/licenses/
" 'Baranagar,West Bengal,india'",22.6493438,88.3685302,"Baranagar - 700035, WB, India",,Baranagar,,,700035,Baranagar,Barrackpore,West Bengal,WB,India,in,,0,,© OpenStreetMap contributors,Open Database License,https://www.openstreetmap.org/copyright
"'Firozabad,Uttar Pradesh,india'",27.1478821,78.3863833,"Firozabad, NH19, Firozabad - 283203, UP, India",,Firozabad,NH19,,283203,Firozabad,Firozabad,Uttar Pradesh,UP,India,in,,0.7931034482758621,1,© OpenStreetMap contributors,Open Database License,https://www.openstreetmap.org/copyright
" 'Phusro,Jharkhand,india' ",23.7601823,85.9755003,"Phusro (Phusro) - 828102, JH, India",,Phusro,,,828102,Phusro,Bermo,Jharkhand,JH,India,in,,0.3969,0.3969,© OpenStreetMap contributors,Open Database License,https://www.openstreetmap.org/copyright
"'Allahabad,Uttar Pradesh,india'",29.22067,78.378578,"Allahabad, UP, India",,,,,,Allahabad,Bijnor,Uttar Pradesh,UP,India,in,,0.7586206896551724,1,Who's On First,CC0,https://www.whosonfirst.org/docs/licenses/
" 'Guna,Madhya Pradesh,india'",24.5,77.5,"Guna, India",,Guna,,,,,Guna,Madhya Pradesh,MP,India,in,,0.76,,© OpenStreetMap contributors,Open Database License,https://www.openstreetmap.org/copyright
"'Thane,Maharashtra,india'",19.1943294,72.9701779,"Thane, MH, India",,,,,,Thane,Thane Taluka,Maharashtra,MH,India,in,,0.6956521739130435,1,© OpenStreetMap contributors,Open Database License,https://www.openstreetmap.org/copyright
" 'Etawah,Uttar Pradesh,india'",26.7780674,79.0220015,"Etawah - 206001, UP, India",,Etawah,,,206001,Etawah,Etawah,Uttar Pradesh,UP,India,in,,0.7692307692307692,0.9,© OpenStreetMap contributors,Open Database License,https://www.openstreetmap.org/copyright
"'VasaiVirar,Maharashtra,india'",20.502147,75.664579,"Wasai, MH, India",,,,,,Wasai,Aurangabad,Maharashtra,MH,India,in,,0.21428571428571427,0.21428571428571427,Who's On First,CC0,https://www.whosonfirst.org/docs/licenses/
" 'Pallavaram,Tamil Nadu,india'",10.7243266,79.6841025,"Pallavaram (Pallavaram) - 611101, TN, India",,Pallavaram,,,611101,Pallavaram,Kilvelur,Tamil Nadu,TN,India,in,,0.7777777777777778,0.9,© OpenStreetMap contributors,Open Database License,https://www.openstreetmap.org/copyright
"'Morena,Madhya Pradesh,india'",26.5013204,78.0028617,"Morena, NH552, Morena, Morena - 476001, MP, India",,Morena,NH552,Morena,476001,Morena,Morena Nagar Tahsil,Madhya Pradesh,MP,India,in,,0.1830065359477124,0.21176470588235294,© OpenStreetMap contributors,Open Database License,https://www.openstreetmap.org/copyright
" 'Ballia,Uttar Pradesh,india' ",25.759429,84.1489095,"Ballia, NH31, Ballia - 277001, UP, India",,Ballia,NH31,,277001,Ballia,Ballia,Uttar Pradesh,UP,India,in,,0.7692307692307692,1,© OpenStreetMap contributors,Open Database License,https://www.openstreetmap.org/copyright
"'Surat,Gujarat,india'",21.2094892,72.8317058,"Surat - 395008, GJ, India",,Surat,,,395008,Surat,Katargam Taluka,Gujarat,GJ,India,in,,0.3969,0.3969,© OpenStreetMap contributors,Open Database License,https://www.openstreetmap.org/copyright
" 'Burhanpur,Madhya Pradesh,india'",21.3118839,76.2291992,"Burhanpur - 450331, MP, India",,Burhanpur,,,450331,Burhanpur,Burhanpur Nagar Tahsil,Madhya Pradesh,MP,India,in,,0.2,0.225,© OpenStreetMap contributors,Open Database License,https://www.openstreetmap.org/copyright
"'Phagwara,Punjab,india'",31.2206734,75.7696463,"Phagwara - 144400, PB, India",,Phagwara,,,144400,Phagwara,Phagwara Tahsil,Punjab,PB,India,in,,0.3969,0.3969,© OpenStreetMap contributors,Open Database License,https://www.openstreetmap.org/copyright
" 'Mau,Uttar Pradesh,india'",27.9941886,77.8332831,"Mau (Mau) - 202138, UP, India",,Mau,,,202138,Mau,Khair,Uttar Pradesh,UP,India,in,,0.7391304347826086,1,© OpenStreetMap contributors,Open Database License,https://www.openstreetmap.org/copyright
"'Mangalore,Karnataka,india'",12.8698101,74.8430082,"Mangaluru - 575001, KA, India",,Mangaluru,,,575001,Mangaluru,Mangaluru taluk,Karnataka,KA,India,in,,0.36,0.36,© OpenStreetMap contributors,Open Database License,https://www.openstreetmap.org/copyright
" 'Alwar,Rajasthan,india' ",27.5645949,76.6132248,"Alwar, RJ, India",,Alwar,,,,Alwar,Alwar Tehsil,Rajasthan,RJ,India,in,,0.3969,0.3969,© OpenStreetMap contributors,Open Database License,https://www.openstreetmap.org/copyright
"'Mahbubnagar,Telangana,india'",16.7434538,77.9923191,"Mahbubnagar - 509001, TG, India",,Mahbubnagar,,,509001,Mahbubnagar,Mahabubnagar_Urban mandal,Telangana,TG,India,in,,0.5555555555555556,0.5555555555555556,© OpenStreetMap contributors,Open Database License,https://www.openstreetmap.org/copyright
" 'Maheshtala,West Bengal,india' ",22.5060294,88.2501665,"Maheshtala - 700141, WB, India",,Maheshtala,,,700141,Maheshtala,Thakurpukur Maheshtala,West Bengal,WB,India,in,,0.7857142857142857,1,© OpenStreetMap contributors,Open Database License,https://www.openstreetmap.org/copyright
"'Hazaribagh,Jharkhand,india'",23.9924352,85.3616252,"Hazaribagh - 825300, JH, India",,Hazaribagh,,,825300,Hazaribagh,Hazaribagh,Jharkhand,JH,India,in,,0.3969,0.3969,© OpenStreetMap contributors,Open Database License,https://www.openstreetmap.org/copyright
" 'Bihar Sharif,Bihar,india' ",25.193859,85.5208617,"Bihar Sharif - 903101, BR, India",,Bihar Sharif,,,903101,Bihar Sharif,Bihar,Bihar,BR,India,in,,0.5,0.5,© OpenStreetMap contributors,Open Database License,https://www.openstreetmap.org/copyright
"'Faridabad,Haryana,india'",28.4031478,77.3105561,"Faridabad - 121001, HR, India",,Faridabad,,,121001,Faridabad,Faridabad,Haryana,HR,India,in,,0.3969,0.3969,© OpenStreetMap contributors,Open Database License,https://www.openstreetmap.org/copyright
" 'Lucknow,Uttar Pradesh,india' ",26.8381,80.9346001,"Lucknow - 226027, UP, India",,Lucknow,,,226027,Lucknow,Lucknow,Uttar Pradesh,UP,India,in,,0.7777777777777778,1,© OpenStreetMap contributors,Open Database License,https://www.openstreetmap.org/copyright
"'Tenali,Andhra Pradesh,india'",16.239207,80.645203,"Tenali, AP, India",,,,,,Tenali,Guntur,Andhra Pradesh,AP,India,in,,0.7407407407407407,1,Who's On First,CC0,https://www.whosonfirst.org/docs/licenses/
" 'Barasat,West Bengal,india'",22.7191072,88.4826229,"Barasat - 700124, WB, India",,Barasat,,,700124,Barasat,Barasat - I,West Bengal,WB,India,in,,0.76,1,© OpenStreetMap contributors,Open Database License,https://www.openstreetmap.org/copyright
"'Amroha,Uttar Pradesh,india'",28.8922129,78.4744272,"Amroha, SH78, Amroha - 244221, UP, India",,Amroha,SH78,,244221,Amroha,Amroha,Uttar Pradesh,UP,India,in,,0.7692307692307692,1,© OpenStreetMap contributors,Open Database License,https://www.openstreetmap.org/copyright
" 'Giridih,Jharkhand,india'",24.1862602,86.3087238,"Giridih - 815301, JH, India",,Giridih,,,815301,Giridih,Giridih,Jharkhand,JH,India,in,,0.3969,0.3969,© OpenStreetMap contributors,Open Database License,https://www.openstreetmap.org/copyright
"'Begusarai,Bihar,india'",25.4139122,86.1348804,"Begusarai - 851117, BR, India",,Begusarai,,,851117,Begusarai,Begusarai,Bihar,BR,India,in,,0.3969,0.3969,© OpenStreetMap contributors,Open Database License,https://www.openstreetmap.org/copyright
" 'Medininagar,Jharkhand,india' ",24.02265335,84.11191072812582,"822101, JH, India",,,,,822101,,Medininagar(Daltonganj),Jharkhand,JH,India,in,,0.5185185185185185,0.5185185185185185,© OpenStreetMap contributors,Open Database License,https://www.openstreetmap.org/copyright
"'Rajahmundry,Andhra Pradesh,india'",17.0101944,81.7946371,"Agarwals Eye Hospital, Rajahmundry, Anala Venkatappa Rao Road, Rajamahendravaram - 533103, India",,"Agarwals Eye Hospital, Rajahmundry",Anala Venkatappa Rao Road,,533103,Rajamahendravaram,Rajahmundry (Urban),,,India,in,0.19999999999999998,0.11249999999999999,0.9,© OpenStreetMap contributors,Open Database License,https://www.openstreetmap.org/copyright
" 'Saharsa,Bihar,india' ",25.8758962,86.5926702,"Saharsa - 852200, BR, India",,Saharsa,,,852200,Saharsa,Kahara,Bihar,BR,India,in,,0.3969,0.3969,© OpenStreetMap contributors,Open Database License,https://www.openstreetmap.org/copyright
"'New Delhi,Delhi,india' ",28.6138954,77.2090057,"New Delhi, DL, India",,,,,,New Delhi,,Delhi,DL,India,in,,0.63,0.63,© OpenStreetMap contributors,Open Database License,https://www.openstreetmap.org/copyright
"'Bhilai,Chhattisgarh,india'",21.2120677,81.3732849,"Bhilai - 490023, CT, India",,Bhilai,,,490023,Bhilai,Durg Tahsil,Chhattisgarh,CT,India,in,,0.3969,0.3969,© OpenStreetMap contributors,Open Database License,https://www.openstreetmap.org/copyright
" 'Moradabad,Uttar Pradesh,india'",28.8334982,78.7732864,"Moradabad - 244001, UP, India",,Moradabad,,,244001,Moradabad,Moradabad,Uttar Pradesh,UP,India,in,,0.7931034482758621,0.9,© OpenStreetMap contributors,Open Database License,https://www.openstreetmap.org/copyright
"'Machilipatnam,Andhra Pradesh,india'",16.1716602,81.1382098,"Machilipatnam, MDR, Ullankapalem, Machilipatnam - 521001, AP, India",Ullankapalem,Machilipatnam,MDR,,521001,Machilipatnam,Machilipatnam,Andhra Pradesh,AP,India,in,,0.8235294117647058,0.9,© OpenStreetMap contributors,Open Database License,https://www.openstreetmap.org/copyright
" 'MiraBhayandar,Maharashtra,india'",19.296521,72.849324,"Mira-Bhayandar, MH, India",,,,,,Mira-Bhayandar,Thane,Maharashtra,MH,India,in,,0.41935483870967744,0.41935483870967744,Who's On First,CC0,https://www.whosonfirst.org/docs/licenses/
"'Pali,Rajasthan,india'",27.6257868,77.0421409,"Pali (Pali), RJ, India",,Pali,,,,Pali,Pahari Tehsil,Rajasthan,RJ,India,in,,0.25,0.25,© OpenStreetMap contributors,Open Database License,https://www.openstreetmap.org/copyright
" 'Navi Mumbai,Maharashtra,india' ",19.0308262,73.0198537,"Navi Mumbai, MH, India",,,,,,Navi Mumbai,Thane Taluka,Maharashtra,MH,India,in,,0.3969,0.3969,© OpenStreetMap contributors,Open Database License,https://www.openstreetmap.org/copyright
"'Mehsana,Gujarat,india'",23.6015557,72.3867981,"Mahesana - 384001, GJ, India",,Mahesana,,,384001,Mahesana,Mahesana Taluka,Gujarat,GJ,India,in,,0.3333333333333333,0.3333333333333333,© OpenStreetMap contributors,Open Database License,https://www.openstreetmap.org/copyright
" 'Imphal,Manipur,india'",24.7991162,93.9364419,"Imphal - 795001, MN, India",,Imphal,,,795001,Imphal,Lamphelpat,Manipur,MN,India,in,,0.3969,0.3969,© OpenStreetMap contributors,Open Database License,https://www.openstreetmap.org/copyright
"'Kolkata,West Bengal,india'",22.5725398,88.3524126,"Kolkata, Lalbazar Street, B. B. D. Bagh, Kolkata - 700069, WB, India",B. B. D. Bagh,Kolkata,Lalbazar Street,Tiretta Bazaar,700069,Kolkata,Kolkata District,West Bengal,WB,India,in,,0.76,1,© OpenStreetMap contributors,Open Database License,https://www.openstreetmap.org/copyright
" 'Sambalpur,Odisha,india' ",21.4705391,83.9761511,"Sambalpur - 768001, OR, India",,Sambalpur,,,768001,Sambalpur,Sambalpur,Odisha,OR,India,in,,0.3969,0.3969,© OpenStreetMap contributors,Open Database License,https://www.openstreetmap.org/copyright
"'Ujjain,Madhya Pradesh,india'",23.29332845,75.62631150294615,"Ujjain District, India",,,,,,,Ujjain District,Madhya Pradesh,MP,India,in,,0.49,,© OpenStreetMap contributors,Open Database License,https://www.openstreetmap.org/copyright
" 'Madhyamgram,West Bengal,india' ",22.6988821,88.4676873,"Madhyamgram - 700129, WB, India",,Madhyamgram,,,700129,Madhyamgram,Barasat - II,West Bengal,WB,India,in,,0.7931034482758621,1,© OpenStreetMap contributors,Open Database License,https://www.openstreetmap.org/copyright
"'Jabalpur,Madhya Pradesh,india'",23.1647204,79.9504993,"Jabalpur, NH45, Jabalpur, Jabalpur - 482007, MP, India",,Jabalpur,NH45,Jabalpur,482007,Jabalpur,Ranjhi Tahsil,Madhya Pradesh,MP,India,in,,0.5517241379310345,1,© OpenStreetMap contributors,Open Database License,https://www.openstreetmap.org/copyright
" 'Jamalpur,Bihar,india' ",25.3138767,86.4897172,"Jamalpur - 811214, BR, India",,Jamalpur,,,811214,Jamalpur,Jamalpur,Bihar,BR,India,in,,0.3969,0.3969,© OpenStreetMap contributors,Open Database License,https://www.openstreetmap.org/copyright
"'Ludhiana,Punjab,india'",30.9090157,75.851601,"Ludhiana - 141001, PB, India",,Ludhiana,,,141001,Ludhiana,Ludhiana (West) Tahsil,Punjab,PB,India,in,,0.3969,0.3969,© OpenStreetMap contributors,Open Database License,https://www.openstreetmap.org/copyright
" 'Bareilly,Uttar Pradesh,india' ",28.355099,79.417851,"Bareilly - 243001, UP, India",,Bareilly,,,243001,Bareilly,Bareilly,Uttar Pradesh,UP,India,in,,0.7857142857142857,1,© OpenStreetMap contributors,Open Database License,https://www.openstreetmap.org/copyright
"'Gangtok,Sikkim,india'",27.329046,88.6122673,"Gangtok - 737101, SK, India",,Gangtok,,,737101,Gangtok,Gangtok District,Sikkim,SK,India,in,,0.3969,0.3969,© OpenStreetMap contributors,Open Database License,https://www.openstreetmap.org/copyright
" 'Anand,Gujarat,india' ",22.5586555,72.9627227,"Anand - 388001, GJ, India",,Anand,,,388001,Anand,Anand City Taluka,Gujarat,GJ,India,in,,0.3969,0.3969,© OpenStreetMap contributors,Open Database License,https://www.openstreetmap.org/copyright
"'Dehradun,Uttarakhand,india'",30.3255646,78.0436813,"Dehradun - 248001, UT, India",,Dehradun,,,248001,Dehradun,Dehradun,Uttarakhand,UT,India,in,,0.3969,0.3969,© OpenStreetMap contributors,Open Database License,https://www.openstreetmap.org/copyright
" 'Pune,Maharashtra,india' ",18.521428,73.8544541,"Pune, MH, India",,,,,,Pune,Pune District,Maharashtra,MH,India,in,,0.23529411764705882,0.23529411764705882,© OpenStreetMap contributors,Open Database License,https://www.openstreetmap.org/copyright
"'Satara,Maharashtra,india'",17.688321,74.0041726,"Satara - 415002, MH, India",,Satara,,,415002,Satara,Satara,Maharashtra,MH,India,in,,0.3969,0.3969,© OpenStreetMap contributors,Open Database License,https://www.openstreetmap.org/copyright
" 'Srikakulam,Andhra Pradesh,india'",18.297064,83.902562,"Srikakulam, AP, India",,,,,,Srikakulam,Srikakulam,Andhra Pradesh,AP,India,in,,0.7741935483870968,1,Who's On First,CC0,https://www.whosonfirst.org/docs/licenses/
"'Raipur,Chhattisgarh,india'",21.2380912,81.6336993,"Raipur - 493332, CT, India",,Raipur,,,493332,Raipur,Raipur Tahsil,Chhattisgarh,CT,India,in,,0.3969,0.3969,© OpenStreetMap contributors,Open Database License,https://www.openstreetmap.org/copyright
" 'Jodhpur,Rajasthan,india'",26.2967719,73.0351433,"Jodhpur, RJ, India",,Jodhpur,,,,Jodhpur,Jodhpur Tehsil,Rajasthan,RJ,India,in,,0.3969,0.3969,© OpenStreetMap contributors,Open Database License,https://www.openstreetmap.org/copyright
"'Darbhanga,Bihar,india'",26.156999,85.8995065,"Darbhanga - 846004, BR, India",,Darbhanga,,,846004,Darbhanga,Darbhanga,Bihar,BR,India,in,,0.3969,0.3969,© OpenStreetMap contributors,Open Database License,https://www.openstreetmap.org/copyright
" 'Nizamabad,Telangana,india'",18.6732693,78.0978477,"Nizamabad - 503001, TG, India",,Nizamabad,,,503001,Nizamabad,Nizamabad_South mandal,Telangana,TG,India,in,,0.52,0.52,© OpenStreetMap contributors,Open Database License,https://www.openstreetmap.org/copyright
"'Nandyal,Andhra Pradesh,india'",15.475632,78.480557,"Nandyal, AP, India",,,,,,Nandyal,Kurnool,Andhra Pradesh,AP,India,in,,0.75,1,Who's On First,CC0,https://www.whosonfirst.org/docs/licenses/
" 'Dehri,Bihar,india'",24.90776,84.1901412,"Dehri - 821307, BR, India",,Dehri,,,821307,Dehri,Dehri,Bihar,BR,India,in,,0.3969,0.3969,© OpenStreetMap contributors,Open Database License,https://www.openstreetmap.org/copyright
"'Jorhat,Assam,india' ",26.7577925,94.2079645,"Jorhat - 785001, AS, India",,Jorhat,,,785001,Jorhat,Jorhat East,Assam,AS,India,in,,0.3969,0.3969,© OpenStreetMap contributors,Open Database License,https://www.openstreetmap.org/copyright
"'Ranchi,Jharkhand,india'",23.3700501,85.3250387,"Ranchi - 834001, JH, India",,Ranchi,,,834001,Ranchi,Kanke,Jharkhand,JH,India,in,,0.3969,0.3969,© OpenStreetMap contributors,Open Database License,https://www.openstreetmap.org/copyright
" 'Kumbakonam,Tamil Nadu,india'",10.9604108,79.3820861,"Kumbakonam - 612001, TN, India",,Kumbakonam,,,612001,Kumbakonam,Kumbakonam,Tamil Nadu,TN,India,in,,0.7777777777777778,0.9,© OpenStreetMap contributors,Open Database License,https://www.openstreetmap.org/copyright
"'Guntakal,Andhra Pradesh,india'",15.172825,77.3664764,"Railway Hospital , Guntakal, Guntakal - Maddikera Road, Timmanacherla, Guntakal - 515801, India",Timmanacherla,"Railway Hospital , Guntakal",Guntakal - Maddikera Road,,515801,Guntakal,Guntakal,,,India,in,0.29411764705882354,0.13226166328600406,1,© OpenStreetMap contributors,Open Database License,https://www.openstreetmap.org/copyright
" 'Haldia,West Bengal,india' ",22.028124,88.0632655,"Haldia - 721604, WB, India",,Haldia,,,721604,Haldia,Haldia,West Bengal,WB,India,in,,0.75,1,© OpenStreetMap contributors,Open Database License,https://www.openstreetmap.org/copyright
"'Loni,Uttar Pradesh,india'",28.7317295,77.2900919,"Loni (Ghaziabad) - 110094, UP, India",,Loni,,,110094,Ghaziabad,Ghaziabad District,Uttar Pradesh,UP,India,in,,0.75,1,© OpenStreetMap contributors,Open Database License,https://www.openstreetmap.org/copyright
" 'PimpriChinchwad,Maharashtra,india' ",18.626347,73.805632,"Pimpri, MH, India",,,,,,Pimpri,Pune,Maharashtra,MH,India,in,,0,,Who's On First,CC0,https://www.whosonfirst.org/docs/licenses/
"'Rajkot,Gujarat,india'",22.3053263,70.8028377,"Rajkot - 360001, GJ, India",,Rajkot,,,360001,Rajkot,Rajkot East Taluka,Gujarat,GJ,India,in,,0.3969,0.3969,© OpenStreetMap contributors,Open Database License,https://www.openstreetmap.org/copyright
" 'Nanded,Maharashtra,india'",20.7390466,79.7792459,"Nanded (Nanded), MH, India",,Nanded,,,,Nanded,Lakhandur Taluka,Maharashtra,MH,India,in,,0.3969,0.3969,© OpenStreetMap contributors,Open Database License,https://www.openstreetmap.org/copyright
"'Noida,Uttar Pradesh,india'",28.5706333,77.3272147,"Dadri (Noida) - 201301, UP, India",,Noida,,,201301,Noida,Gautam Buddha Nagar District,Uttar Pradesh,UP,India,in,,0.76,0.9,© OpenStreetMap contributors,Open Database License,https://www.openstreetmap.org/copyright
" 'Kirari Suleman Nagar,Delhi,india' ",28.664118,77.052384,"Kirari Suleman Nagar Drain, Delhi - 110041, DL, India",,,Kirari Suleman Nagar Drain,,110041,Delhi,South West Delhi,Delhi,DL,India,in,0.81,0.4809375,1,© OpenStreetMap contributors,Open Database License,https://www.openstreetmap.org/copyright
"'Jaunpur,Uttar Pradesh,india'",25.7472,82.689,"Jaunpur - 222001, UP, India",,Jaunpur,,,222001,Jaunpur,Jaunpur,Uttar Pradesh,UP,India,in,,0.7777777777777778,1,© OpenStreetMap contributors,Open Database License,https://www.openstreetmap.org/copyright
" 'Bilaspur,Chhattisgarh,india' ",22.0785627,82.1476475,"Bilaspur - 495004, CT, India",,Bilaspur,,,495004,Bilaspur,Bilaspur Tahsil,Chhattisgarh,CT,India,in,,0.3969,0.3969,© OpenStreetMap contributors,Open Database License,https://www.openstreetmap.org/copyright
"'Sambhal,Uttar Pradesh,india'",28.5971718,78.5684597,"Sambhal, MDR157W, Sambhal - 244302, UP, India",,Sambhal,MDR157W,,244302,Sambhal,Sambhal,Uttar Pradesh,UP,India,in,,0.7777777777777778,1,© OpenStreetMap contributors,Open Database License,https://www.openstreetmap.org/copyright
" 'Dhule,Maharashtra,india' ",20.898,74.7732,"Dhule - 424001, MH, India",,Dhule,,,424001,Dhule,Dhule,Maharashtra,MH,India,in,,0.3969,0.3969,© OpenStreetMap contributors,Open Database License,https://www.openstreetmap.org/copyright
"'Rourkela,Odisha,india'",22.2309255,84.8678705,"Rourkela - 769002, OR, India",,Rourkela,,,769002,Rourkela,Raurkela (M),Odisha,OR,India,in,,0.3969,0.3969,© OpenStreetMap contributors,Open Database License,https://www.openstreetmap.org/copyright
" 'Thiruvananthapuram,Kerala,india' ",8.4882267,76.947551,"Thiruvananthapuram - 695001, KL, India",,Thiruvananthapuram,,,695001,Thiruvananthapuram,Thiruvananthapuram,Kerala,KL,India,in,,0.3969,0.3969,© OpenStreetMap contributors,Open Database License,https://www.openstreetmap.org/copyright
"'Dharmavaram,Andhra Pradesh,india'",18.115424,83.185591,"Dharmavaram, AP, India",,,,,,Dharmavaram,Vizianagaram,Andhra Pradesh,AP,India,in,,0.78125,1,Who's On First,CC0,https://www.whosonfirst.org/docs/licenses/
" 'Nellore,Andhra Pradesh,india' ",14.4583364,79.9801518,"Nellore Nursing Home, Narthaki Theatre Road, Nellore - 524001, India",,Nellore Nursing Home,Narthaki Theatre Road,,524001,Nellore,Nellore,,,India,in,0.2,0.15000000000000002,1,© OpenStreetMap contributors,Open Database License,https://www.openstreetmap.org/copyright
"'Visakhapatnam,Andhra Pradesh,india'",17.679603,83.199149,"Visakhapatnam, AP, India",,,,,,Visakhapatnam,Visakhapatnam,Andhra Pradesh,AP,India,in,,0.25004699999999996,0.25004699999999996,Who's On First,CC0,https://www.whosonfirst.org/docs/licenses/
" 'Karawal Nagar,Delhi,india'",28.7311406,77.2747898,"Karawal Nagar, 110094, DL, India",,Karawal Nagar,,,110094,,Karawal Nagar Tehsil,Delhi,DL,India,in,,0.2727272727272727,0.2727272727272727,© OpenStreetMap contributors,Open Database License,https://www.openstreetmap.org/copyright
"'Jaipur,Rajasthan,india'",26.9154576,75.8189817,"Jaipur - 302001, RJ, India",,Jaipur,,,302001,Jaipur,Jaipur Tehsil,Rajasthan,RJ,India,in,,0.3969,0.3969,© OpenStreetMap contributors,Open Database License,https://www.openstreetmap.org/copyright
" 'Avadi,Tamil Nadu,india'",13.1194809,80.1026704,"Avadi - 600054, TN, India",,Avadi,,,600054,Avadi,Poonamallee,Tamil Nadu,TN,India,in,,0.7272727272727273,1,© OpenStreetMap contributors,Open Database License,https://www.openstreetmap.org/copyright
"'Bhimavaram,Andhra Pradesh,india'",16.5409759,81.49601739779654,"Bhimavaram Hospitals, MDR, Sriramapuram, Chinna Amiram - 534204, India",Sriramapuram,Bhimavaram Hospitals,MDR,,534204,Chinna Amiram,Bhimavaram,,,India,in,,0.5080645161290323,1,© OpenStreetMap contributors,Open Database License,https://www.openstreetmap.org/copyright
" 'Bardhaman,West Bengal,india' ",23.2495714,87.8681751,"Bardhaman, WB, India",,Bardhaman,,,,Bardhaman,Burdwan - I,West Bengal,WB,India,in,,0.7777777777777778,1,© OpenStreetMap contributors,Open Database License,https://www.openstreetmap.org/copyright
"'Silchar,Assam,india' ",24.829588,92.797148,"Silchar - 788014, AS, India",,Silchar,,,788014,Silchar,Silchar,Assam,AS,India,in,,0.3969,0.3969,© OpenStreetMap contributors,Open Database License,https://www.openstreetmap.org/copyright
"'Buxar,Bihar,india'",25.5716195,83.9729568,"Buxar - 802101, BR, India",,Buxar,,,802101,Buxar,Buxar,Bihar,BR,India,in,,0.3969,0.3969,© OpenStreetMap contributors,Open Database License,https://www.openstreetmap.org/copyright
" 'Kavali,Andhra Pradesh,india' ",18.392278,83.823113,"Kavali, AP, India",,,,,,Kavali,Srikakulam,Andhra Pradesh,AP,India,in,,0.7407407407407407,1,Who's On First,CC0,https://www.whosonfirst.org/docs/licenses/
"'Tezpur,Assam,india'",26.6229928,92.7976082,"Tezpur - 784001, AS, India",,Tezpur,,,784001,Tezpur,Tezpur,Assam,AS,India,in,,0.3969,0.3969,© OpenStreetMap contributors,Open Database License,https://www.openstreetmap.org/copyright
" 'Ramagundam,Telangana,india'",18.7615156,79.4787848,"Ramagundam - 505208, TG, India",,Ramagundam,,,505208,Ramagundam,Ramagundam mandal,Telangana,TG,India,in,,0.3969,0.3969,© OpenStreetMap contributors,Open Database License,https://www.openstreetmap.org/copyright
"'Yamunanagar,Haryana,india'",30.1231349,77.286329,"Yamunanagar - 135001, HR, India",,Yamunanagar,,,135001,Yamunanagar,Jagadhri,Haryana,HR,India,in,,0.3969,0.3969,© OpenStreetMap contributors,Open Database License,https://www.openstreetmap.org/copyright
" 'Sri Ganganagar,Rajasthan,india' ",29.9270556,73.8761519,"Sri Ganganagar - 335001, RJ, India",,Sri Ganganagar,,,335001,Sri Ganganagar,Ganganagar Tehsil,Rajasthan,RJ,India,in,,0.3969,0.3969,© OpenStreetMap contributors,Open Database License,https://www.openstreetmap.org/copyright
"'Sasaram,Bihar,india'",24.9001003,84.0182110684575,"821115, BR, India",,,,,821115,,Sasaram,Bihar,BR,India,in,,0.3969,0.3969,© OpenStreetMap contributors,Open Database License,https://www.openstreetmap.org/copyright
" 'Sikar,Rajasthan,india' ",27.583333,75.166667,"Sikar, 332001, RJ, India",,Sikar,,,332001,,Sikar,Rajasthan,RJ,India,in,,0.3969,0.3969,© OpenStreetMap contributors,Open Database License,https://www.openstreetmap.org/copyright
"'Bally,West Bengal,india'",22.6550777,88.3404293,"Bally, SH2, Bally - 712258, WB, India",,Bally,SH2,,712258,Bally,Bally Jagachha,West Bengal,WB,India,in,,0.5652173913043479,1,© OpenStreetMap contributors,Open Database License,https://www.openstreetmap.org/copyright
"'Bhiwani,Haryana,india'",28.7931703,76.1391283,"Bhiwani - 125021, HR, India",,Bhiwani,,,125021,Bhiwani,Bhiwani,Haryana,HR,India,in,,0.3969,0.3969,© OpenStreetMap contributors,Open Database License,https://www.openstreetmap.org/copyright
" 'Rampur,Uttar Pradesh,india'",26.7267406,79.4021288178487,"Rampur, Bidhuna, India",,Rampur,,,,,Bidhuna,Uttar Pradesh,UP,India,in,,0.7692307692307692,,© OpenStreetMap contributors,Open Database License,https://www.openstreetmap.org/copyright
"'Uluberia,West Bengal,india'",22.4722227,88.0938448,"Uluberia, NH16, Birshibpur, Uluberia - 711315, WB, India",Birshibpur,Uluberia,NH16,,711315,Uluberia,Uluberia - I,West Bengal,WB,India,in,,0.6153846153846154,1,© OpenStreetMap contributors,Open Database License,https://www.openstreetmap.org/copyright
" 'SangliMiraj  Kupwad,Maharashtra,india' ",19.405779,75.70204,"Maharashtra, India",,Maharashtra,,,,,,Maharashtra,MH,India,in,,0,,Who's On First,CC0,https://www.whosonfirst.org/docs/licenses/
"'Hosur,Tamil Nadu,india'",12.7328844,77.8309478,"Hosur - 635109, TN, India",,Hosur,,,635109,Hosur,Hosur,Tamil Nadu,TN,India,in,,0.7272727272727273,1,© OpenStreetMap contributors,Open Database License,https://www.openstreetmap.org/copyright
" 'Bikaner,Rajasthan,india'",28.0159286,73.3171367,"Bikaner - 334001, RJ, India",,Bikaner,,,334001,Bikaner,Bikaner Tehsil,Rajasthan,RJ,India,in,,0.3969,0.3969,© OpenStreetMap contributors,Open Database License,https://www.openstreetmap.org/copyright
"'Shahjahanpur,Uttar Pradesh,india'",27.8934038,79.9048982,"Shahjahanpur, NH731K, Cantonment, Tikri - 242001, UP, India",Cantonment,Shahjahanpur,NH731K,,242001,Tikri,Shahjahanpur,Uttar Pradesh,UP,India,in,,0.8125,1,© OpenStreetMap contributors,Open Database License,https://www.openstreetmap.org/copyright
" 'Sultan Pur Majra,Delhi,india' ",29.029486,76.925703,"Khizarpur Jat, HR, India",,,,,,Khizarpur Jat,Sonepat,Haryana,HR,India,in,,0.23076923076923078,0.23076923076923078,Who's On First,CC0,https://www.whosonfirst.org/docs/licenses/
"'Vijayawada,Andhra Pradesh,india'",16.521863,80.614053,"Vijayawada ENT Hospital, Potti Sriramulu College Road, Vinchipeta, Vijayawada - 520001, India",Vinchipeta,Vijayawada ENT Hospital,Potti Sriramulu College Road,,520001,Vijayawada,Vijayawada (Urban),,,India,in,,0.47032258064516125,1,© OpenStreetMap contributors,Open Database License,https://www.openstreetmap.org/copyright
" 'Bharatpur,Rajasthan,india'",27.2154447,77.4986962,"Bharatpur - 321001, RJ, India",,Bharatpur,,,321001,Bharatpur,Bharatpur Tehsil,Rajasthan,RJ,India,in,,0.3969,0.3969,© OpenStreetMap contributors,Open Database License,https://www.openstreetmap.org/copyright
"'Tadepalligudem,Andhra Pradesh,india'",16.814684,81.526619,"Tadepalligudem, AP, India",,,,,,Tadepalligudem,West Godavari,Andhra Pradesh,AP,India,in,,0.8,1,Who's On First,CC0,https://www.whosonfirst.org/docs/licenses/
" 'Tinsukia,Assam,india'",27.4879722,95.3601855,"Tinsukia - 786100, AS, India",,Tinsukia,,,786100,Tinsukia,Tinsukia,Assam,AS,India,in,,0.3969,0.3969,© OpenStreetMap contributors,Open Database License,https://www.openstreetmap.org/copyright
"'Salem,Tamil Nadu,india'",11.6551982,78.1581771,"Salem - 636001, TN, India",,Salem,,,636001,Salem,Salem District,Tamil Nadu,TN,India,in,,0.5454545454545454,1,© OpenStreetMap contributors,Open Database License,https://www.openstreetmap.org/copyright
" 'Mathura,Uttar Pradesh,india'",27.633333,77.583333,"Mathura District, India",,,,,,,Mathura District,Uttar Pradesh,UP,India,in,,0.49,,© OpenStreetMap contributors,Open Database License,https://www.openstreetmap.org/copyright
"'Guntur,Andhra Pradesh,india'",16.302448,80.444182,"Arundelpet (Guntur Municipal Corporation) - 522001, AP, India",Arundelpet,,,,522001,Guntur Municipal Corporation,Guntur,Andhra Pradesh,AP,India,in,,0.7777777777777778,1,Who's On First,CC0,https://www.whosonfirst.org/docs/licenses/
" 'HubliâDharwad,Karnataka,india'",14.882195,75.57454,"Karnataka, India",,Karnataka,,,,,,Karnataka,KA,India,in,,0,,Who's On First,CC0,https://www.whosonfirst.org/docs/licenses/
"'Guwahati,Assam,india'",26.151549,91.781577,"Guwahati, AS, India",,,,,,Guwahati,Kamrup Metropolitan,Assam,AS,India,in,,0.3969,0.3969,Who's On First,CC0,https://www.whosonfirst.org/docs/licenses/
" 'Chittoor,Andhra Pradesh,india'",13.416667,79,"Chittoor, Nampalle - 517130, AP, India",,Chittoor,,,517130,Nampalle,Irala,Andhra Pradesh,AP,India,in,,0.7931034482758621,0.9,© OpenStreetMap contributors,Open Database License,https://www.openstreetmap.org/copyright
"'Tiruvottiyur,Tamil Nadu,india'",13.1586407,80.2962076,"Tiruvottiyur, Ennore High Road, Zone 1 Tiruvottiyur, - 600019, TN, India",Zone 1 Tiruvottiyur,Tiruvottiyur,Ennore High Road,CMWSSB Division 7,600019,,Mathavaram,Tamil Nadu,TN,India,in,,0.6424137931034484,0.81,© OpenStreetMap contributors,Open Database License,https://www.openstreetmap.org/copyright
" 'Vadodara,Gujarat,india'",22.2973142,73.1942567,"Vadodara - 390001, GJ, India",,Vadodara,,,390001,Vadodara,Vadodara Rural Taluka,Gujarat,GJ,India,in,,0.3969,0.3969,© OpenStreetMap contributors,Open Database License,https://www.openstreetmap.org/copyright
"'Ahmednagar,Maharashtra,india'",19.092952,74.7493451,"Ahmednagar - 414001, MH, India",,Ahmednagar,,,414001,Ahmednagar,Ahmednagar,Maharashtra,MH,India,in,,0.3969,0.3969,© OpenStreetMap contributors,Open Database License,https://www.openstreetmap.org/copyright
" 'Fatehpur,Uttar Pradesh,india' ",25.9167524,80.8016651,"Fatehpur, NH335, Fatehpur - 212600, UP, India",,Fatehpur,NH335,,212600,Fatehpur,Fatehpur,Uttar Pradesh,UP,India,in,,0.7857142857142857,1,© OpenStreetMap contributors,Open Database License,https://www.openstreetmap.org/copyright
"'Bhilwara,Rajasthan,india'",25.348,74.636,"Bhilwara - 311001, RJ, India",,Bhilwara,,,311001,Bhilwara,Bhilwara Tehsil,Rajasthan,RJ,India,in,,0.3969,0.3969,© OpenStreetMap contributors,Open Database License,https://www.openstreetmap.org/copyright
" 'Kharagpur,West Bengal,india' ",22.34309,87.3012875,"Kharagpur - 721301, WB, India",,Kharagpur,,,721301,Kharagpur,Kharagpur-I,West Bengal,WB,India,in,,0.7777777777777778,1,© OpenStreetMap contributors,Open Database License,https://www.openstreetmap.org/copyright
"'Bettiah,Bihar,india'",26.791072749999998,84.56010678772793,"808202, BR, India",,,,,808202,,Bettiah,Bihar,BR,India,in,,0.3969,0.3969,© OpenStreetMap contributors,Open Database License,https://www.openstreetmap.org/copyright
" 'Bhind,Madhya Pradesh,india' ",26.5652355,78.7889864,"Bhind, MP, India",,Bhind,,,,Bhind,Bhind Nagar Tahsil,Madhya Pradesh,MP,India,in,,0.16875,0.16875,© OpenStreetMap contributors,Open Database License,https://www.openstreetmap.org/copyright
"'Bokaro,Jharkhand,india'",23.6544338,86.1456444,"Bokaro - 827004, JH, India",,Bokaro,,,827004,Bokaro,Chas,Jharkhand,JH,India,in,,0.3969,0.3969,© OpenStreetMap contributors,Open Database License,https://www.openstreetmap.org/copyright
" 'Karaikudi,Tamil Nadu,india' ",10.0728444,78.7795194,"Karaikudi - 623001, TN, India",,Karaikudi,,,623001,Karaikudi,Karaikkudi,Tamil Nadu,TN,India,in,,0.7692307692307692,0.9,© OpenStreetMap contributors,Open Database License,https://www.openstreetmap.org/copyright
"'Raebareli,Uttar Pradesh,india'",26.2207738,81.2465203,"Raebareli - 229001, UP, India",,Raebareli,,,229001,Raebareli,Raebareli,Uttar Pradesh,UP,India,in,,0.7931034482758621,0.9,© OpenStreetMap contributors,Open Database License,https://www.openstreetmap.org/copyright
" 'Pudukkottai,Tamil Nadu,india'",10.3826515,78.8191259,"Pudukkottai, TN, India",,,,,,Pudukkottai,Pudukkottai taluk,Tamil Nadu,TN,India,in,,0.75,1,© OpenStreetMap contributors,Open Database License,https://www.openstreetmap.org/copyright
"'Udaipur,Rajasthan,india'",24.578721,73.6862571,"Udaipur - 313001, RJ, India",,Udaipur,,,313001,Udaipur,Girwa Tehsil,Rajasthan,RJ,India,in,,0.3969,0.3969,© OpenStreetMap contributors,Open Database License,https://www.openstreetmap.org/copyright
" 'Mysore,Karnataka,india' ",12.3051828,76.6553609,"Mysuru - 570001, KA, India",,Mysuru,,,570001,Mysuru,Mysuru taluk,Karnataka,KA,India,in,,0.2727272727272727,0.2727272727272727,© OpenStreetMap contributors,Open Database License,https://www.openstreetmap.org/copyright
"'Panipat,Haryana,india'",29.3912753,76.9771675,"Panipat - 132100, HR, India",,Panipat,,,132100,Panipat,Panipat,Haryana,HR,India,in,,0.3969,0.3969,© OpenStreetMap contributors,Open Database License,https://www.openstreetmap.org/copyright
" 'Latur,Maharashtra,india' ",18.3982273,76.5625913,"Latur - 413512, MH, India",,Latur,,,413512,Latur,Latur,Maharashtra,MH,India,in,,0.3969,0.3969,© OpenStreetMap contributors,Open Database License,https://www.openstreetmap.org/copyright
"'Tadipatri,Andhra Pradesh,india'",14.906044,78.012147,"Tadpatri, AP, India",,,,,,Tadpatri,Anantapur,Andhra Pradesh,AP,India,in,,0.5519999999999999,0.72,Who's On First,CC0,https://www.whosonfirst.org/docs/licenses/
" 'Bahraich,Uttar Pradesh,india' ",27.5821099,81.6073564,"Bahraich, SH96A, Bahraich - 271801, UP, India",,Bahraich,SH96A,,271801,Bahraich,Bahraich,Uttar Pradesh,UP,India,in,,0.7857142857142857,0.9,© OpenStreetMap contributors,Open Database License,https://www.openstreetmap.org/copyright
"'Orai,Uttar Pradesh,india'",25.9863918,79.4534538,"Orai, UP, India",,Orai,,,,Orai,Orai,Uttar Pradesh,UP,India,in,,0.75,1,© OpenStreetMap contributors,Open Database License,https://www.openstreetmap.org/copyright
" 'Raurkela Industrial Township,Odisha,india' ",22.214219,84.852758,"Raurkela, OR, India",,,,,,Raurkela,Sundargarh,Odisha,OR,India,in,,0,,Who's On First,CC0,https://www.whosonfirst.org/docs/licenses/
"'Rewa,Madhya Pradesh,india'",22.935783,79.861791,"Rewa, MP, India",,,,,,Rewa,Jabalpur,Madhya Pradesh,MP,India,in,,0.07753846153846156,0.13846153846153847,Who's On First,CC0,https://www.whosonfirst.org/docs/licenses/
" 'Gwalior,Madhya Pradesh,india'",26.0287495,78.15706538653372,"Gwalior District, India",,,,,,,Gwalior District,Madhya Pradesh,MP,India,in,,0.495,,© OpenStreetMap contributors,Open Database License,https://www.openstreetmap.org/copyright
"'Katni,Madhya Pradesh,india'",24.191196,81.062757,"Katni, Bharatpur, MP, India",Katni,Katni,,,,Bharatpur,Satna,Madhya Pradesh,MP,India,in,,0.21301775147928995,0.27692307692307694,Who's On First,CC0,https://www.whosonfirst.org/docs/licenses/
" 'Chandrapur,Maharashtra,india' ",19.9508161,79.2986673,"Chandrapur - 442401, MH, India",,Chandrapur,,,442401,Chandrapur,Chandrapur Taluka,Maharashtra,MH,India,in,,0.3969,0.3969,© OpenStreetMap contributors,Open Database License,https://www.openstreetmap.org/copyright
"'Kolhapur,Maharashtra,india'",16.7028412,74.2405329,"Kolhapur - 416003, MH, India",,Kolhapur,,,416003,Kolhapur,Karvir,Maharashtra,MH,India,in,,0.3969,0.3969,© OpenStreetMap contributors,Open Database License,https://www.openstreetmap.org/copyright